title,spec,price
LG전자 오브제컬렉션 코드제로 ThinQ A9S AO9571,핸디/스틱청소기 / 핸디+스틱형 / 무선형 / 흡입+걸레겸용 / [성능] 2중터보싸이클론 / 스마트인버터모터 / 흡입력: 210W / 소비전력: 590W / [배터리] 분리형 / 리튬이온 (2개) / 충전시간: 4시간 / 사용시간: 2시간 / [필터] 헤파필터 / 5단계여과 / [기능] 자동물공급 / 배터리잔량표시 / WiFi / [구성품] 바닥 / 물걸레 / 침구 / 솔형 / 틈새 / 거치대 / [부가] 알레르기인증(BAF) / 미세먼지인증(SLG) / 색상: 카밍베이지 / 크기(가로x세로x깊이): 250x1120x260mm,1366920
샤오미 드리미 V10,핸디/스틱청소기 / 핸디+스틱형 / 무선형 / 흡입전용 / [성능] 멀티싸이클론 / 흡입력: 140AW / 흡입력: 22000Pa / 소비전력: 450W / [배터리] 용량: 2500mAh / 충전시간: 3시간30분 / 사용시간: 1시간 / [필터] 헤파필터 / H12급 / 5단계여과 / [기능] 배터리잔량표시 / [구성품] 바닥 / 침구 / 솔형 / 틈새 / 연장툴 / 거치대 / [부가] 먼지통용량: 0.5L / 색상: 화이트 / 무게: 1.5kg,148710
샤오미 미지아 차량용 핸디 무선 청소기 (해외구매),"차량용청소기 / 무선 / 흡입력: 13,000Pa / 최대출력: 120W / 헤파필터 / 추가노즐: 틈새, 솔브러쉬 / 사용시간: 9~30분 / 버튼 잠금 장치 / 2단 세기 조절 / 크기: 55x267mm / 무게: 500g",33900
BXACaK6Y4S,BXACaK6Y4S733151,733151
LG전자 코드제로 A9 A9100S,핸디/스틱청소기 / 핸디+스틱형 / 무선형 / 흡입+걸레겸용 / [성능] 2중터보싸이클론 / 인버터모터 / 소비전력: 450W / [배터리] 분리형 / 리튬이온 / 충전시간: 3시간30분 / 사용시간: 40분 / [필터] 헤파필터 / H13급 / 5단계여과 / [기능] 배터리잔량표시 / [구성품] 바닥 / 솔형 / 틈새 / 거치대 / [부가] 알레르기인증(BAF) / 미세먼지인증(SLG) / 색상: 판타지실버 / 크기(가로x세로x깊이): 250x1120x260mm,484430
샤오미 CLEANFLY 차량용 무선 청소기 3세대 (해외구매),"차량용청소기 / 무선 / 흡입력: 16,800Pa / 최대출력: 120W / 헤파필터 / 추가노즐: 틈새, 솔브러쉬, 연장호스 / 사용시간: 25분 / 크기: 369x72mm / 무게: 560g",48430
일렉트로룩스 WELL Q6 WQ61-1OGG,핸디/스틱청소기 / 핸디+스틱형 / 무선형 / 흡입전용 / [성능] 싸이클론 / [배터리] 리튬이온 / 충전시간: 4시간30분 / 사용시간: 45분 / [필터] 5단계여과 / [기능] 브러쉬자동청소 / 셀프스탠딩 / LED라이트 / 배터리잔량표시 / [구성품] 바닥 / 솔형 / 틈새 / 거치대 / [부가] 먼지통용량: 0.3L / 색상: 그라나이트그레이 / 무게: 2.65kg / 크기(가로x세로x깊이): 386x692x146mm,159930
LG전자 코드제로 ThinQ A9S A9700,핸디/스틱청소기 / 핸디+스틱형 / 무선형 / 흡입+걸레겸용 / [성능] 2중터보싸이클론 / 인버터모터 / 흡입력: 200W / 소비전력: 590W / [배터리] 분리형 / 리튬이온 (2개) / 충전시간: 4시간 / 사용시간: 2시간 / [필터] 헤파필터 / H13급 / 5단계여과 / [기능] 자동물공급 / 디스플레이표시창 / 배터리잔량표시 / WiFi / [구성품] 바닥 / 물걸레 / 침구 / 솔형 / 굳은먼지 / 상부청소 / 틈새 / 긴틈새 / 매트리스 / 연장툴 / 거치대 / [부가] 미세먼지인증(SLG) / 색상: 판타지실버 / 크기(가로x세로x깊이): 250x1120x260mm,905630
삼성전자 제트 VS20T9213QDCSB,핸디/스틱청소기 / 핸디+스틱형 / 무선형 / 흡입+걸레겸용 / [성능] 싸이클론 / 인버터모터 / 흡입력: 200W / 소비전력: 550W / [배터리] 분리형 / 리튬이온 (2개) / 충전시간: 3시간30분 / 사용시간: 1시간 / [필터] 헤파필터 / 5단계여과 / [기능] 디스플레이표시창 / 프리볼트 / [구성품] 바닥 / 물걸레 / 솔형 / 틈새 / 거치대 / [부가] 먼지통용량: 0.5L / 알레르기인증(BAF) / 미세먼지인증(SLG) / 색상: 티탄+그레이 / 무게: 2.64kg / 크기(가로x세로x깊이): 250x1123x215mm / [VCA-SAE90A] 청정스테이션 / 색상: 블랙 / 크기(가로x세로x깊이): 185x600x180mm,768720
샤오미 드리미 V11,핸디/스틱청소기 / 핸디+스틱형 / 무선형 / 흡입+걸레겸용 / [성능] 멀티싸이클론 / BLDC모터 / 흡입력: 150AW / 흡입력: 25000Pa / 소비전력: 450W / [배터리] 용량: 3000mAh / 충전시간: 4시간 / 사용시간: 1시간30분 / [필터] 5단계여과 / [기능] 디스플레이표시창 / [구성품] 바닥 / 침구 / 솔형 / 틈새 / 연장툴 / 거치대 / [부가] 먼지통용량: 0.5L / 색상: 레드 / 무게: 1.6kg / 크기(가로x세로): 202x1226mm,251090
삼성전자 제트 VS20T9213QDCSW,핸디/스틱청소기 / 핸디+스틱형 / 무선형 / 흡입+걸레겸용 / [성능] 싸이클론 / 인버터모터 / 흡입력: 200W / 소비전력: 550W / [배터리] 리튬이온 / 충전시간: 3시간30분 / 사용시간: 1시간 / [필터] 헤파필터 / 5단계여과 / [기능] 디스플레이표시창 / 프리볼트 / [구성품] 바닥 / 물걸레 / 솔형 / 틈새 / 거치대 / [부가] 먼지통용량: 0.5L / 알레르기인증(BAF) / 미세먼지인증(SLG) / 색상: 티탄+그레이 / 무게: 2.64kg / 크기(가로x세로x깊이): 250x1123x215mm / [VCA-SAE90A] 청정스테이션 / 색상: 블랙 / 크기(가로x세로x깊이): 185x600x180mm,631720
LG전자 코드제로 ThinQ A9S A9470,핸디/스틱청소기 / 핸디+스틱형 / 무선형 / 흡입+걸레겸용 / [성능] 2중터보싸이클론 / 인버터모터 / 소비전력: 590W / [배터리] 분리형 / 리튬이온 (2개) / 충전시간: 4시간 / 사용시간: 2시간 / [필터] 헤파필터 / H13급 / 5단계여과 / [기능] 자동물공급 / 디스플레이표시창 / 배터리잔량표시 / WiFi / [구성품] 바닥 / 물걸레 / 솔형 / 틈새 / 거치대 / [부가] 미세먼지인증(SLG) / 색상: 아이언그레이 / 크기(가로x세로x깊이): 250x1120x260mm,831950
LG전자 코드제로 ThinQ A9S A9400,핸디/스틱청소기 / 핸디+스틱형 / 무선형 / 흡입+걸레겸용 / [성능] 2중터보싸이클론 / 인버터모터 / 흡입력: 200W / 소비전력: 590W / [배터리] 분리형 / 리튬이온 (2개) / 충전시간: 4시간 / 사용시간: 2시간 / [필터] 헤파필터 / H13급 / 5단계여과 / [기능] 디스플레이표시창 / 배터리잔량표시 / WiFi / [구성품] 바닥 / 솔형 / 굳은먼지 / 틈새 / 매트리스 / 거치대 / [부가] 미세먼지인증(SLG) / 색상: 아이언그레이 / 크기(가로x세로x깊이): 250x1120x260mm,736010
다이슨 옴니 글라이드 컴플리트+,핸디/스틱청소기 / 핸디+스틱형 / 무선형 / 흡입전용 / [성능] 싸이클론 / 흡입력: 50AW / [배터리] 분리형 / 리튬이온 / 충전시간: 3시간30분 / 사용시간: 20분 / [필터] 5단계여과 / [구성품] 전방향플러피 / 미니모터 / 솔형 / 틈새 / 서페이스 / 연장툴 / 거치대 / 도킹스테이션 / [부가] 먼지통용량: 0.2L / 색상: 퍼플 / 무게: 1.9kg / 크기(가로x세로x깊이): 208x1077x92mm,569590
다이슨 V10 카본파이버,핸디/스틱청소기 / 핸디+스틱형 / 무선형 / [성능] 싸이클론 / 흡입력: 160AW / 소비전력: 525W / [배터리] 리튬이온 / 충전시간: 3시간30분 / 사용시간: 1시간 / [구성품] 소프트롤러 / 토크드라이브 / 미니모터 / 솔형 / 더스팅 / 틈새 / 긴틈새 / 연장툴 / 도킹스테이션 / [부가] 무게: 2.5kg / 크기(가로x세로x깊이): 250x1241x256mm,632810
삼성전자 제트 VS15R8500BF,핸디/스틱청소기 / 핸디+스틱형 / 무선형 / 흡입+걸레겸용 / [성능] 싸이클론 / 인버터모터 / 흡입력: 150W / 소비전력: 410W / [배터리] 분리형 / 리튬이온 / 충전시간: 3시간30분 / 사용시간: 40분 / [필터] 헤파필터 / 5단계여과 / [기능] 디스플레이표시창 / 프리볼트 / [구성품] 바닥 / 솔형 / 틈새 / 거치대 / [부가] 먼지통용량: 0.5L / 알레르기인증(BAF) / 미세먼지인증(SLG) / 색상: 틸민트 / 무게: 2.57kg / 크기(가로x세로x깊이): 250x1123x215mm,391510
다이슨 디지털 슬림 플러피+,핸디/스틱청소기 / 핸디+스틱형 / 무선형 / 흡입전용 / [성능] 싸이클론 / 흡입력: 100AW / [배터리] 분리형 / 충전시간: 3시간30분 / 사용시간: 40분 / [필터] 5단계여과 / [기능] 디스플레이표시창 / [구성품] 슬림소프트롤러 / 미니모터 / 솔형 / 스터번더트 / 틈새 / 매트리스 / 연장툴 / 거치대 / 도킹스테이션 / [부가] 먼지통용량: 0.3L / 색상: 오렌지 / 무게: 1.9kg / 크기(가로x세로x깊이): 250x1100x250mm,676840
삼성전자 제트 VS20T9258SDCS,핸디/스틱청소기 / 핸디+스틱형 / 무선형 / 흡입+걸레겸용 / [성능] 싸이클론 / 인버터모터 / 흡입력: 200W / 소비전력: 550W / [배터리] 분리형 / 리튬이온 (2개) / 충전시간: 3시간30분 / 사용시간: 2시간 / [필터] 헤파필터 / 5단계여과 / [기능] 디스플레이표시창 / 프리볼트 / [구성품] 바닥 / 물걸레 / 침구 / 솔형 / 틈새 / 연장툴 / 거치대 / [부가] 먼지통용량: 0.5L / 알레르기인증(BAF) / 미세먼지인증(SLG) / 색상: 티탄+그레이 / 무게: 2.64kg / 크기(가로x세로x깊이): 250x1123x215mm / [VCA-SAE90A] 청정스테이션 / 색상: 블랙 / 크기(가로x세로x깊이): 185x600x180mm,879270
샤오미 드리미 V9,핸디/스틱청소기 / 핸디+스틱형 / 무선형 / [성능] 멀티싸이클론 / 흡입력: 120AW / 흡입력: 20000Pa / 소비전력: 400W / [배터리] 용량: 2500mAh / 충전시간: 3시간30분 / 사용시간: 60분 / [필터] 헤파필터 / 5단계여과 / [구성품] 바닥 / 침구 / 솔형 / 틈새 / 연장툴 / 거치대 / [부가] 먼지통용량: 0.5L / 색상: 화이트 / 무게: 1.5kg,111240
샤오미 드리미 V12,핸디/스틱청소기 / 핸디+스틱형 / 무선형 / 흡입+걸레겸용 / [성능] 싸이클론 / 흡입력: 185AW / 흡입력: 27000Pa / 소비전력: 550W / [배터리] 내장형 / 용량: 3000mAh / 충전시간: 4시간 / 사용시간: 1시간30분 / [필터] 5단계여과 / [기능] 디스플레이표시창 / LED라이트 / 배터리잔량표시 / [구성품] 바닥 / 물걸레 / 침구 / 솔형 / 틈새 / 연장툴 / 거치대 / [부가] 먼지통용량: 0.5L / 물통용량: 0.25L / 색상: 블랙 / 무게: 1.65kg / 크기(가로x세로): 200x1226mm,314400
LG전자 코드제로 ThinQ A9S A9500,핸디/스틱청소기 / 핸디+스틱형 / 무선형 / 흡입+걸레겸용 / [성능] 2중터보싸이클론 / 인버터모터 / 흡입력: 200W / 소비전력: 590W / [배터리] 분리형 / 리튬이온 (2개) / 충전시간: 4시간 / 사용시간: 2시간 / [필터] 헤파필터 / H13급 / 5단계여과 / [기능] 디스플레이표시창 / 배터리잔량표시 / WiFi / [구성품] 바닥 / 침구 / 솔형 / 굳은먼지 / 틈새 / 매트리스 / 거치대 / [부가] 미세먼지인증(SLG) / 색상: 아이언그레이 / 크기(가로x세로x깊이): 250x1120x260mm,780170
일렉트로룩스 ZB3302AK,핸디/스틱청소기 / 핸디+스틱형 / 무선형 / 흡입전용 / [배터리] 리튬이온 / 충전시간: 4시간 / 사용시간: 42분 / [필터] 4단계여과 / [기능] 브러쉬자동청소 / 셀프스탠딩 / LED라이트 / 배터리잔량표시 / [구성품] 바닥 / 침구 / 틈새 / 긴틈새 / 패브릭 / 연장툴 / 거치대 / [부가] 먼지통용량: 0.42L / 알레르기인증(BAF) / 색상: 스페이스틸 / 무게: 3.22kg / 크기(가로x세로x깊이): 303x690x162mm,129000
LG전자 코드제로 ThinQ A9S A9570,핸디/스틱청소기 / 핸디+스틱형 / 무선형 / 흡입+걸레겸용 / [성능] 2중터보싸이클론 / 인버터모터 / 흡입력: 200W / 소비전력: 590W / [배터리] 분리형 / 리튬이온 (2개) / 충전시간: 4시간 / 사용시간: 2시간 / [필터] 헤파필터 / H13급 / 5단계여과 / [기능] 자동물공급 / 디스플레이표시창 / 배터리잔량표시 / WiFi / [구성품] 바닥 / 물걸레 / 침구 / 솔형 / 굳은먼지 / 틈새 / 매트리스 / 거치대 / [부가] 미세먼지인증(SLG) / 색상: 아이언그레이 / 크기(가로x세로x깊이): 250x1120x260mm,903340
일렉트로룩스 PURE Q9 PQ92-3BWF,핸디/스틱청소기 / 핸디+스틱형 / 무선형 / 흡입전용 / [성능] 싸이클론 / [배터리] 리튬이온 / 충전시간: 4시간 / 사용시간: 53분 / [필터] 5단계여과 / [기능] 셀프스탠딩 / LED라이트 / [구성품] 바닥 / 침구 / 솔형 / 더스팅 / 틈새 / 긴틈새 / 거치대 / [부가] 먼지통용량: 0.3L / 색상: 사틴화이트 / 무게: 2.89kg / 크기(가로x세로x깊이): 256x1097x155mm,405290
샤오미 LYDSTO 핸디형 에어펌프 진공청소기 (해외구매),"차량용청소기 / 무선 / 흡입력: 10,000Pa / 스테인리스 필터 / LED라이트 / 사용시간: 15~30분 / 충전방식: USB C타입 / 배터리용량: 2,500mAH / 크기: 315x55mm / 무게: 500g / 압력설정 / 최대압력: 150psi / 에어배출량(분당): 10L",36520
LG전자 코드제로 ThinQ A9S A9370,핸디/스틱청소기 / 핸디+스틱형 / 무선형 / 흡입+걸레겸용 / [성능] 2중터보싸이클론 / 인버터모터 / 흡입력: 200W / 소비전력: 590W / [배터리] 분리형 / 리튬이온 / 충전시간: 4시간 / 사용시간: 1시간 / [필터] 헤파필터 / H13급 / 5단계여과 / [기능] 자동물공급 / 디스플레이표시창 / 배터리잔량표시 / WiFi / [구성품] 바닥 / 물걸레 / 솔형 / 틈새 / 거치대 / [부가] 미세먼지인증(SLG) / 색상: 판타지실버 / 크기(가로x세로x깊이): 250x1120x260mm,709100
일렉트로룩스 WELL Q7 WQ71-2OIB,핸디/스틱청소기 / 핸디+스틱형 / 무선형 / 흡입전용 / [성능] 싸이클론 / [배터리] 리튬이온 / 충전시간: 4시간30분 / 사용시간: 50분 / [필터] 5단계여과 / [기능] 브러쉬자동청소 / 셀프스탠딩 / LED라이트 / 배터리잔량표시 / [구성품] 바닥 / 솔형 / 더스팅 / 틈새 / 거치대 / [부가] 먼지통용량: 0.3L / 색상: 인디고블루 / 무게: 2.8kg / 크기(가로x세로x깊이): 386x692x140mm,218650
샤오미 SWDK-D260,물걸레청소기 / 스틱형 / 왕복식 / 무선형 / 충전시간: 3시간 / 사용시간: 50분 / 배터리: 리튬이온 / 용량: 2000mAh / 물분사 / LED라이트 / 프리볼트 / 무게: 2.4kg / 색상: 화이트 / 110V / 변환어댑터: 필요,60290
삼성전자 제트 VS20T9213QDCSP,핸디/스틱청소기 / 핸디+스틱형 / 무선형 / 흡입+걸레겸용 / [성능] 싸이클론 / 인버터모터 / 흡입력: 200W / 소비전력: 550W / [배터리] 분리형 / 리튬이온 (2개) / 충전시간: 3시간30분 / 사용시간: 1시간 / [필터] 헤파필터 / 5단계여과 / [기능] 디스플레이표시창 / 프리볼트 / [구성품] 바닥 / 솔형 / 틈새 / 거치대 / [부가] 먼지통용량: 0.5L / 알레르기인증(BAF) / 미세먼지인증(SLG) / 색상: 티탄+그레이 / 무게: 2.64kg / 크기(가로x세로x깊이): 250x1123x215mm / [VCA-SAE90A] 청정스테이션 / 색상: 블랙 / 크기(가로x세로x깊이): 185x600x180mm,633690
다이슨 V8 카본파이버,핸디/스틱청소기 / 핸디+스틱형 / 무선형 / [성능] 싸이클론 / 흡입력: 155W / 소비전력: 485W / [배터리] 리튬이온 / 충전시간: 5시간 / 사용시간: 40분 / [구성품] 소프트롤러 / 다이렉트드라이브 / 미니모터 / 솔형 / 더스팅 / 틈새 / 긴틈새 / 매트리스 / 연장툴 / 업탑어댑터 / 도킹스테이션 / [부가] 무게: 2.63kg / 크기(가로x세로x깊이): 250x1244x210mm,479000
삼성전자 제트 VS20T9278S3CS,핸디/스틱청소기 / 핸디+스틱형 / 무선형 / 흡입+걸레겸용 / [성능] 싸이클론 / 인버터모터 / 흡입력: 200W / 소비전력: 550W / [배터리] 분리형 / 리튬이온 (2개) / 충전시간: 3시간30분 / 사용시간: 2시간 / [필터] 헤파필터 / 5단계여과 / [기능] 디스플레이표시창 / 프리볼트 / [구성품] 바닥 / 물걸레 / 침구 / 솔형 / 틈새 / 연장툴 / 거치대 / [부가] 먼지통용량: 0.5L / 미세먼지인증(SLG) / 색상: 티탄+실버 / 크기(가로x세로x깊이): 250x1136x215mm / [VCA-SAE90A] 청정스테이션 / 색상: 블랙 / 크기(가로x세로x깊이): 185x600x180mm,817780
샤오미 SHUNZAO 차량용 무선청소기 2세대 Z1 PRO (해외구매),"차량용청소기 / 무선 / 흡입력: 12,000Pa / 최대출력: 120W / 2중필터 / 추가노즐: 틈새, 솔브러쉬 / LED라이트 / 사용시간: 30분 / 충전시간: 2시간30분 / 충전방식: USB C타입 / 크기: 73x76x336mm / 무게: 610g",42370
다이슨 V11 플러피 엑스트라,핸디/스틱청소기 / 핸디+스틱형 / 무선형 / 흡입전용 / [성능] 싸이클론 / 흡입력: 220AW / [배터리] 분리형 / 충전시간: 4시간30분 / 사용시간: 1시간 / [필터] 6단계여과 / [기능] 디스플레이표시창 / [구성품] 소프트롤러 / 미니모터 / 솔형 / 더스팅 / 틈새 / 매트리스 / 거치대 / 도킹스테이션 / [부가] 먼지통용량: 0.54L / 무게: 2.97kg / 크기(가로x세로x깊이): 261x1261x250mm,871270
다이슨 V11 220AW 컴플리트,핸디/스틱청소기 / 핸디+스틱형 / 무선형 / 흡입전용 / [성능] 루트싸이클론 / 흡입력: 220AW / 소비전력: 545W / [배터리] 충전시간: 4시간30분 / 사용시간: 1시간 / [기능] 디스플레이표시창 / [구성품] 하이토크 / 소프트롤러 / 미니모터 / 솔형 / 더스팅 / 스터번더트 / 틈새 / 매트리스 / 거치대 / 도킹스테이션 / [부가] 먼지통용량: 0.54L / 색상: 니켈블루 / 무게: 2.95kg / 크기(가로x세로x깊이): 250x1280x261mm,871270
한샘 HSBC-6000W,"욕실청소기 / 스틱형 / 무선형 / 소비전력: 30W / [배터리] 용량: 2000mAh / 충전시간: 4시간 / 사용시간: 1시간40분 / [기능] 프리볼트 / [부가] 색상: 화이트 / 완전방수 / 브러쉬: 평면, 틈새, 스크럽",53800
DIBEA D18,핸디/스틱청소기 / 핸디+스틱형 / 무선형 / [성능] 싸이클론 / 흡입력: 9000Pa / 소비전력: 120W / [배터리] 분리형 / 리튬이온 / 용량: 2200mAh / 충전시간: 4~5시간 / 사용시간: 45분 / [필터] 헤파필터 / H13급 / 3단계여과 / [기능] LED라이트 / 배터리잔량표시 / 프리볼트 / [구성품] 바닥 / 솔형 / 틈새 / 연장툴 / 거치대 / [부가] 먼지통용량: 0.55L / 무게: 2.2kg / 크기(가로x세로x깊이): 240x1040x210mm,80630
휴스톰 HS-9000,물걸레청소기 / 스틱형 / 회전식 / 무선형 / 충전시간: 4시간 / 사용시간: 30분 / 배터리: 리튬이온 / 용량: 2850mAh / LED라이트 / 가구손상방지 / 각도조절 / 셀프스탠딩 / 무게: 3.6kg / 색상: 블랙 / 모터과열방지 / 과충전방지 / 오토스토핑 / 패드: 극세사(벨크로형) / 크기(가로x세로x깊이): 410x860x256mm,140060
LG전자 코드제로 ThinQ A9S A9300,핸디/스틱청소기 / 핸디+스틱형 / 무선형 / 흡입+걸레겸용 / [성능] 2중터보싸이클론 / 인버터모터 / 흡입력: 200W / 소비전력: 590W / [배터리] 분리형 / 리튬이온 / 충전시간: 4시간 / 사용시간: 1시간 / [필터] 헤파필터 / H13급 / 5단계여과 / [기능] 디스플레이표시창 / 배터리잔량표시 / WiFi / [구성품] 바닥 / 솔형 / 굳은먼지 / 틈새 / 매트리스 / 거치대 / [부가] 미세먼지인증(SLG) / 색상: 아이언그레이 / 크기(가로x세로x깊이): 250x1120x260mm,696080
삼성전자 VC-H22,핸디/스틱청소기 / 핸디형 / 무선형 / 소비전력: 48W / [배터리] 니켈수소 / 충전시간: 8시간 / 사용시간: 10분 / [부가] 무게: 0.76kg / 크기(가로x세로x깊이): 103x317x174mm,29260
샤오미 SWDK KC101,"침구청소기 / 핸디형 / 무선형 / 3단계여과 / 흡입력: 6000Pa / 충전시간: 2시간30분 / 사용시간: 25분 / 용량: 2200mAh / 청소모드: UV살균, 진동, 흡입 / 진동수: 8000회(분당) / 헤파필터 / 거치대 / 무게: 1.3kg / 크기(가로x세로): 270x324mm",58290
다이슨 V11 컴플리트,핸디/스틱청소기 / 핸디+스틱형 / 무선형 / [성능] 싸이클론 / 흡입력: 185AW / 소비전력: 545W / [배터리] 충전시간: 4시간30분 / 사용시간: 1시간 / [기능] 디스플레이표시창 / [구성품] 하이토크 / 소프트롤러 / 미니모터 / 솔형 / 더스팅 / 스터번더트 / 틈새 / 매트리스 / 거치대 / 도킹스테이션 / [부가] 먼지통용량: 0.54L / 색상: 니켈블루 / 무게: 2.95kg / 크기(가로x세로x깊이): 250x1280x261mm,924080
휴스톰 HS-10000,물걸레청소기 / 스틱형 / 회전식 / 무선형 / 충전시간: 2시간30분 / 사용시간: 30분 / 배터리: 리튬이온 / 용량: 2750mAh / LED라이트 / 가구손상방지 / 각도조절 / 셀프스탠딩 / 배터리잔량표시 / 프리볼트 / 무게: 3.7kg / 색상: 블랙 / 모터과열방지 / 과충전방지 / 오토스토핑 / 패드: 극세사(벨크로형) / 크기(가로x세로x깊이): 410x1180x205mm,144390
W948jhtcnX,W948jhtcnX117125,117125
일렉트로룩스 PURE Q9 PQ92-3OBF,핸디/스틱청소기 / 핸디+스틱형 / 무선형 / 흡입전용 / [성능] 싸이클론 / [배터리] 리튬이온 / 충전시간: 4시간 / 사용시간: 53분 / [필터] 5단계여과 / [기능] 셀프스탠딩 / LED라이트 / 배터리잔량표시 / [구성품] 바닥 / 솔형 / 더스팅 / 틈새 / 거치대 / [부가] 먼지통용량: 0.3L / 색상: 인디고블루 / 무게: 2.89kg / 크기(가로x세로x깊이): 256x1097x155mm,338320
시원코퍼레이션 SRV-2010C,핸디/스틱청소기 / 핸디형 / 무선형 / 흡입전용 / [성능] BLDC모터 / 흡입력: 15000Pa / 소비전력: 120W / [배터리] 용량: 2500mAh / 충전시간: 5시간 / 사용시간: 28분 / [필터] 헤파필터 / H13급 / [구성품] 솔형 / 틈새 / 거치대 / [부가] 먼지통용량: 0.09L / 색상: 화이트 / 무게: 0.52kg / 크기(가로x세로x깊이): 75x415x70mm,59800
다이슨 V8 플러피,핸디/스틱청소기 / 핸디+스틱형 / 무선형 / [성능] 싸이클론 / 흡입력: 155AW / 소비전력: 485W / [배터리] 리튬이온 / 충전시간: 5시간 / 사용시간: 40분 / [구성품] 소프트롤러 / 미니모터 / 솔형 / 더스팅 / 틈새 / 매트리스 / 연장툴 / 도킹스테이션 / [부가] 무게: 2.58kg / 크기(가로x세로x깊이): 250x1264x224mm,456510
샤오미 SHUNZAO Z11,핸디/스틱청소기 / 핸디+스틱형 / 무선형 / 흡입전용 / [성능] 싸이클론 / 흡입력: 150AW / 흡입력: 26000Pa / [배터리] 분리형 / 리튬이온 / 용량: 2500mAh / 충전시간: 3시간 / 사용시간: 1시간 / [필터] 헤파필터 / 5단계여과 / [기능] 디스플레이표시창 / 배터리잔량표시 / [구성품] 바닥 / 침구 / 솔형 / 틈새 / 연장툴 / 거치대 / [부가] 먼지통용량: 0.5L / 색상: 화이트,159000
한경희생활과학 아쿠아젯 AM-5600BM,물걸레청소기 / 스틱형 / 회전식 / 무선형 / 충전시간: 3시간 / 사용시간: 30분 / 배터리: 리튬이온 / 용량: 2150mAh / 물분사 / 무게: 3.4kg / 색상: 블랙 / 스위블기능 / 패드: 극세사(벨크로형) / 크기(가로x세로x깊이): 450x1230x250mm,157450
일렉트로룩스 WELL Q7 WQ71-2ESSF,핸디/스틱청소기 / 핸디+스틱형 / 무선형 / 흡입전용 / [성능] 싸이클론 / [배터리] 리튬이온 / 충전시간: 4시간30분 / 사용시간: 50분 / [필터] 5단계여과 / [기능] 셀프스탠딩 / LED라이트 / 배터리잔량표시 / [구성품] 바닥 / 솔형 / 더스팅 / 긴틈새 / 거치대 / [부가] 먼지통용량: 0.3L / 색상: 소프트샌드 / 무게: 2.8kg / 크기(가로x세로x깊이): 386x692x146mm,248280
DIBEA TSX-25000A,핸디/스틱청소기 / 핸디+스틱형 / 무선형 / 흡입전용 / [성능] 싸이클론 / BLDC모터 / 흡입력: 25000Pa / 소비전력: 400W / [배터리] 리튬이온 / 용량: 2000mAh / 충전시간: 2시간 / 사용시간: 45분 / [필터] 헤파필터 / H13급 / [기능] LED라이트 / [구성품] 바닥 / 침구 / 솔형 / 틈새 / 연장툴 / 거치대 / [부가] 먼지통용량: 0.5L / 색상: 블랙 / 무게: 1.35kg / 크기(가로x세로x깊이): 256x1172x217xmm,194030
신일전자 LCYC913,핸디/스틱청소기 / 핸디형 / 무선형 / 흡입전용 / [성능] 흡입력: 3500Pa / 소비전력: 100W / [배터리] 리튬이온 / 용량: 2200mAh / 충전시간: 3시간 / 사용시간: 20분 / [필터] 헤파필터 / [구성품] 솔형 / 틈새 / 연장툴 / [부가] 색상: 블랙 / 무게: 0.48kg / 크기(가로x세로): 98x395mm,27390
델첸 퍼스널 무선 미니 차량용 핸디청소기 DC-C01,"차량용청소기 / 무선 / 흡입력: 6,200Pa / 최대출력: 70W / 2중필터 / 헤파필터 / 추가노즐: 틈새, 솔브러쉬 / 사용시간: 18분 / 충전시간: 1시간30분~2시간 / 충전방식: USB C타입 / 크기: 73x305mm / 무게: 703g",78910
일렉트로룩스 라피도 ZB6114,핸디/스틱청소기 / 핸디형 / 무선형 / 흡입전용 / [성능] 싸이클론 / [배터리] 리튬이온 / 충전시간: 4시간 / 사용시간: 24분 / [필터] 3단계여과 / [구성품] 거치대 / [부가] 색상: 텅스텐메탈릭 / 무게: 1.13kg / 5단계각도조절 / 바퀴 / 크기(가로x세로x깊이): 124x410x137mm,78290
일렉트로룩스 WELL Q7 WQ71-2OIBF,핸디/스틱청소기 / 핸디+스틱형 / 무선형 / 흡입전용 / [성능] 싸이클론 / [배터리] 리튬이온 / 충전시간: 4시간30분 / 사용시간: 50분 / [필터] 5단계여과 / [기능] 셀프스탠딩 / LED라이트 / 배터리잔량표시 / [구성품] 바닥 / 솔형 / 긴틈새 / 거치대 / [부가] 먼지통용량: 0.3L / 색상: 인디고블루 / 무게: 2.8kg / 크기(가로x세로x깊이): 258x1105x140mm,248580
다이슨 V11 220 에어와트 CF+,핸디/스틱청소기 / 핸디+스틱형 / 무선형 / 흡입전용 / [성능] 싸이클론 / 흡입력: 220AW / [배터리] 충전시간: 4시간30분 / 사용시간: 1시간 / [필터] 6단계여과 / [기능] 디스플레이표시창 / [구성품] 하이토크 / 소프트롤러 / 미니모터 / 솔형 / 더스팅 / 스터번더트 / 틈새 / 매트리스 / 거치대 / 도킹스테이션 / [부가] 먼지통용량: 0.54L / 무게: 2.95kg / 크기(가로x세로x깊이): 250x1280x261mm,1196560
샤오미 SHUNZAO Z11 PRO,"핸디/스틱청소기 / 핸디+스틱형 / 무선형 / 흡입전용 / [성능] 싸이클론 / 인버터모터 / 흡입력: 150AW / 흡입력: 26000Pa / [배터리] 분리형 / 용량: 2500mAh / 충전시간: 3시간 / 사용시간: 1시간 / [필터] 헤파필터 / 5단계여과 / [기능] 디스플레이표시창 / 배터리잔량표시 / [구성품] 바닥 / 침구 / 솔형 / 틈새 / 연장툴 / 거치대 / [부가] 먼지통용량: 0.5L / 색상: 화이트, 레드",198990
LG전자 코드제로 ThinQ A9S A9470IK,핸디/스틱청소기 / 핸디+스틱형 / 무선형 / 흡입+걸레겸용 / [성능] 2중터보싸이클론 / 인버터모터 / 흡입력: 200W / 소비전력: 590W / [배터리] 분리형 / 리튬이온 (2개) / 충전시간: 4시간 / 사용시간: 2시간 / [필터] 헤파필터 / H13급 / 5단계여과 / [기능] 자동물공급 / 디스플레이표시창 / 배터리잔량표시 / WiFi / [구성품] 바닥 / 물걸레 / 솔형 / 굳은먼지 / 틈새 / 매트리스 / 거치대 / [부가] 미세먼지인증(SLG) / 색상: 아이언그레이 / 크기(가로x세로x깊이): 250x1120x260mm,955940
경성오토비스 KAC-7100,물걸레청소기 / 스틱형 / 왕복식 / 무선형 / 충전시간: 3시간 / 사용시간: 1시간20분 / 배터리: 리튬이온 / 용량: 2050mAh / 각도조절 / 풋터치버튼 / 무게: 3.1kg / 소비전력: 30W / 색상: 네이비 / 패드: 극세사(벨크로형)  / 크기(가로x세로x깊이): 270x1180x270mm,131780
일렉트로룩스 WELL Q7 WQ71-2BSWF,핸디/스틱청소기 / 핸디+스틱형 / 무선형 / 흡입전용 / [성능] 싸이클론 / [배터리] 리튬이온 / 충전시간: 4시간30분 / 사용시간: 50분 / [필터] 5단계여과 / [기능] 셀프스탠딩 / LED라이트 / 배터리잔량표시 / [구성품] 바닥 / 침구 / 솔형 / 더스팅 / 긴틈새 / 거치대 / [부가] 먼지통용량: 0.3L / 색상: 사틴화이트 / 무게: 2.8kg / 크기(가로x세로x깊이): 386x692x146mm,353740
다이슨 옴니 글라이드+,핸디/스틱청소기 / 핸디+스틱형 / 무선형 / 흡입전용 / [성능] 싸이클론 / 흡입력: 50AW / [배터리] 분리형 / 리튬이온 / 충전시간: 3시간30분 / 사용시간: 20분 / [필터] 5단계여과 / [구성품] 전방향플러피 / 미니모터 / 솔형 / 틈새 / 서페이스 / 도킹스테이션 / [부가] 먼지통용량: 0.2L / 색상: 골드 / 무게: 1.9kg / 크기(가로x세로x깊이): 208x1077x92mm,520290
LG전자 코드제로 ThinQ A9S 펫 A9700BPK,핸디/스틱청소기 / 핸디+스틱형 / 무선형 / 흡입+걸레겸용 / [성능] 2중터보싸이클론 / 인버터모터 / 흡입력: 200W / 소비전력: 590W / [배터리] 분리형 / 리튬이온 (2개) / 충전시간: 4시간 / 사용시간: 2시간 / [필터] 헤파필터 / H13급 / 5단계여과 / [기능] 자동물공급 / 디스플레이표시창 / 배터리잔량표시 / WiFi / [구성품] 바닥 / 물걸레 / 펫 / 솔형 / 굳은먼지 / 상부청소 / 틈새 / 긴틈새 / 매트리스 / 연장툴 / 거치대 / [부가] 미세먼지인증(SLG) / 색상: 블랙 / 크기(가로x세로x깊이): 250x1120x260mm,941610
삼성전자 제트 VS20T9278S3,핸디/스틱청소기 / 핸디+스틱형 / 무선형 / 흡입+걸레겸용 / [성능] 싸이클론 / 인버터모터 / 흡입력: 200W / 소비전력: 550W / [배터리] 분리형 / 리튬이온 (2개) / 충전시간: 3시간30분 / 사용시간: 2시간 / [필터] 헤파필터 / 5단계여과 / [기능] 디스플레이표시창 / 프리볼트 / [구성품] 바닥 / 물걸레 / 침구 / 솔형 / 틈새 / 연장툴 / 거치대 / [부가] 먼지통용량: 0.5L / 미세먼지인증(SLG) / 색상: 티탄+실버 / 크기(가로x세로x깊이): 250x1136x215mm,697090
리하스 LH20,"핸디/스틱청소기 / 핸디+스틱형 / 무선형 / 흡입+걸레겸용 / [성능] BLDC모터 / 흡입력: 33000Pa / 소비전력: 400W / [배터리] 분리형 / 리튬이온 / 사용시간: 2시간 / [필터] 헤파필터 / H13급 / [기능] 먼지감지센서 / 디스플레이표시창 / LED라이트 / 배터리잔량표시 / 프리볼트 / [구성품] 바닥 / 물걸레 / 침구 / 솔형 / 틈새 / 거치대 / [부가] 먼지통용량: 0.7L / 색상: 화이트, 블랙 / 무게: 2.97kg / 물분사 / 크기(가로x세로x깊이): 265x1200x170mm",299000
삼성전자 제트 VS15R8543S1CW,핸디/스틱청소기 / 핸디+스틱형 / 무선형 / 흡입+걸레겸용 / [성능] 싸이클론 / 인버터모터 / 흡입력: 150W / 소비전력: 410W / [배터리] 리튬이온 / 충전시간: 3시간30분 / 사용시간: 40분 / [필터] 헤파필터 / 5단계여과 / [기능] 디스플레이표시창 / 프리볼트 / [구성품] 바닥 / 솔형 / 틈새 / 연장툴 / 거치대 / [부가] 먼지통용량: 0.5L / 알레르기인증(BAF) / 미세먼지인증(SLG) / 색상: 틸민트 / 무게: 2.57kg / 크기(가로x세로x깊이): 250x1123x215mm / [VCA-SAE90A] 청정스테이션 / 색상: 화이트 / 크기(가로x세로x깊이): 185x600x180mm,479000
샤오미 CX-1,"핸디/스틱청소기 / 핸디형 / 무선형 / 흡입전용 / [성능] 인버터모터 / 흡입력: 12000Pa / 소비전력: 120W / 충전시간: 5시간 / 사용시간: 25분 / [필터] 헤파필터 / [기능] 배터리잔량표시 / [구성품] 거치대 / [부가] 색상: 블루, 화이트 / 무게: 0.9kg / 크기(가로x세로x깊이): 80x350x80mm",158810
다이슨 V11 플러피,핸디/스틱청소기 / 핸디+스틱형 / 무선형 / [성능] 싸이클론 / 흡입력: 185AW / 소비전력: 545W / [배터리] 충전시간: 4시간30분 / 사용시간: 1시간 / [기능] 디스플레이표시창 / [구성품] 소프트롤러 / 미니모터 / 솔형 / 더스팅 / 틈새 / 매트리스 / 연장툴 / 거치대 / 도킹스테이션 / [부가] 먼지통용량: 0.54L / 색상: 니켈레드 / 무게: 2.95kg / 크기(가로x세로x깊이): 261x1280x250mm,852570
삼성전자 제트 VS20R9078S2,핸디/스틱청소기 / 핸디+스틱형 / 무선형 / 물걸레 / [성능] 싸이클론 / 인버터모터 / 흡입력: 200W / 소비전력: 550W / [배터리] 분리형 / 리튬이온 (2개) / 충전시간: 3시간30분 / 사용시간: 2시간 / [필터] 헤파필터 / 5단계여과 / [기능] 디스플레이표시창 / 프리볼트 / [구성품] 바닥 / 물걸레 / 침구 / 솔형 / 틈새 / 연장툴 / 거치대 / [부가] 먼지통용량: 0.5L / 알레르기인증(BAF) / 미세먼지인증(SLG) / 색상: 티탄+블루 / 무게: 2.7kg / 크기(가로x세로x깊이): 250x1136x215mm,705810
샤오미 TROUVER TECH SOLO10,핸디/스틱청소기 / 핸디+스틱형 / 무선형 / 흡입전용 / [성능] BLDC모터 / 흡입력: 85AW / 흡입력: 18000Pa / 소비전력: 300W / [배터리] 내장형 / 용량: 2000mAh / 충전시간: 3시간30분 / 사용시간: 48분 / [필터] 5단계여과 / [기능] 디스플레이표시창 / 배터리잔량표시 / [구성품] 바닥 / 솔형 / 틈새 / [부가] 먼지통용량: 0.4L / 색상: 화이트+레드 / 무게: 1.4kg,94000
DIBEA DW200,핸디/스틱청소기 / 핸디+스틱형 / 무선형 / [성능] 싸이클론 / 흡입력: 10000Pa / 소비전력: 150W / [배터리] 리튬이온 / 용량: 2200mAh / 충전시간: 4~5시간 / 사용시간: 35분 / [필터] 4단계여과 / [구성품] 바닥 / 솔형 / 틈새 / 연장툴 / [부가] 먼지통용량: 0.5L / 100V / 변환어댑터: 필요 / 색상: 화이트 / 무게: 2kg / 크기(가로x세로x깊이): 210x1040x104mm,66340
다이슨 V10 앱솔루트 플러스,핸디/스틱청소기 / 핸디+스틱형 / 무선형 / [성능] 싸이클론 / 소비전력: 525W / [배터리] 리튬이온 / 충전시간: 3시간30분 / 사용시간: 1시간 / [구성품] 소프트롤러 / 다이렉트드라이브 / 미니모터 / 솔형 / 더스팅 / 틈새 / 긴틈새 / 연장툴 / 도킹스테이션 / [부가] 무게: 2.5kg / 크기(가로x세로x깊이): 250x1241x256mm,882800
샤오미 COCLEAN 차량용 무선 청소기,"차량용청소기 / 무선 / 흡입력: 5,800Pa / 최대출력: 80W / 헤파필터 / 추가노즐: 틈새, 솔브러쉬 / LED라이트 / 사용시간: 15분 / 충전시간: 1시간30분 / 충전방식: 시거잭 / 크기: 298x70mm / 무게: 560g",39750
디월트 DCV580N,"업소용청소기 / 건습식 / 무선형 / 헤파필터 / 탱크용량: 7.5L / 에어컴프레셔 / 색상: 옐로우 / 사용시간: 30분 / 브러쉬: 바닥, 틈새, 호스",148170
DIBEA M500 프로,핸디/스틱청소기 / 핸디+스틱형 / 무선형 / [성능] 싸이클론 / 흡입력: 22000Pa / 소비전력: 250W / [배터리] 분리형 / 리튬이온 / 용량: 2200mAh / 충전시간: 4시간 / 사용시간: 30분 / [필터] 헤파필터 / H13급 / [구성품] 바닥 / 솔형 / 틈새 / 연장툴 / [부가] 먼지통용량: 0.5L / 무게: 2.2kg / 크기(가로x세로x깊이): 260x1140x214mm,158990
일렉트로룩스 PURE Q9 PQ92-2OGF,핸디/스틱청소기 / 핸디+스틱형 / 무선형 / 흡입전용 / [배터리] 리튬이온 / 충전시간: 3시간30분 / 사용시간: 50분 / [필터] 5단계여과 / [기능] 셀프스탠딩 / LED라이트 / 배터리잔량표시 / [구성품] 바닥 / 솔형 / 틈새 / 거치대 / [부가] 먼지통용량: 0.3L / 색상: 그라나이트그레이 / 무게: 0.8kg / 크기(가로x세로x깊이): 256x1097x155mm,366410
삼성전자 제트 VS20R9043SA,핸디/스틱청소기 / 핸디+스틱형 / 무선형 / [성능] 싸이클론 / 인버터모터 / 흡입력: 200W / 소비전력: 550W / [배터리] 리튬이온 / 충전시간: 3시간30분 / 사용시간: 60분 / [필터] 헤파필터 / 5단계여과 / [기능] 디스플레이표시창 / 프리볼트 / [구성품] 바닥 / 솔형 / 틈새 / 연장툴 / 거치대 / [부가] 먼지통용량: 0.5L / 알레르기인증(BAF) / 미세먼지인증(SLG) / 색상: 실버+핑크 / 무게: 2.7kg / 크기(가로x세로x깊이): 250x1136x215mm,595850
ABKO 오엘라 네오스핀 OBC-AW09WH,"욕실청소기 / 스틱형 / 무선형 / 소비전력: 8W / [배터리] 리튬이온 / 용량: 1950mAh / 충전시간: 4~5시간 / 사용시간: 50분 / [부가] 무게: 0.86kg / 생활방수 / 브러쉬: 원형, 평면, 틈새",48900
스위스밀리터리 에어슬림 SMA-BV2200,핸디/스틱청소기 / 핸디+스틱형 / 무선형 / [성능] 싸이클론 / BLDC모터 / 흡입력: 17000Pa / [배터리] 리튬이온 / 용량: 2200mAh / 충전시간: 5시간 / 사용시간: 30분 / [필터] 헤파필터 / 3단계여과 / [기능] LED라이트 / 배터리잔량표시 / [구성품] 바닥 / 침구 / 틈새 / 연장툴 / 거치대 / [부가] 먼지통용량: 0.4L / 에어컴프레셔 / 크기(가로x세로x깊이): 80x1040x190mm,532390
샤오미 드리미 V10P,핸디/스틱청소기 / 핸디+스틱형 / 무선형 / 흡입전용 / [성능] 싸이클론 / BLDC모터 / 흡입력: 140AW / 흡입력: 22000Pa / 소비전력: 450W / [배터리] 리튬이온 / 용량: 2500mAh / 충전시간: 3시간30분 / 사용시간: 1시간 / [필터] 헤파필터 / 5단계여과 / [구성품] 바닥 / 침구 / 솔형 / 틈새 / 연장툴 / 거치대 / [부가] 먼지통용량: 0.5L / 색상: 화이트 / 무게: 1.5kg / 크기(가로x세로): 258x1226mm,235000
기펠 ZET-10,핸디/스틱청소기 / 핸디+스틱형 / 무선형 / 흡입전용 / [성능] BLDC모터 / 소비전력: 200W / [기능] LED라이트 / [구성품] 바닥 / 솔형 / 틈새 / 거치대 / [부가] 색상: 실버 / 무게: 2.5kg / 크기(가로x세로x깊이): 250x1045x240mm,189000
리하스 차량용 미니 무선 청소기 TEB-4120,"차량용청소기 / 무선 / 흡입력: 15,000Pa / 최대출력: 120W / 헤파필터 / 스테인리스 필터 / 추가노즐: 틈새, 솔브러쉬, 연장호스 / 사용시간: 15~28분 / 충전시간: 4~5시간 / 색상: 블랙, 스카이블루, 화이트 / 크기: 415mm / 무게: 520g",94050
일렉트로룩스 PURE Q9 PQ91-3BW,핸디/스틱청소기 / 핸디+스틱형 / 무선형 / 흡입전용 / [성능] 싸이클론 / [배터리] 리튬이온 / 충전시간: 4시간 / 사용시간: 55분 / [필터] 5단계여과 / [기능] 브러쉬자동청소 / 셀프스탠딩 / LED라이트 / [구성품] 바닥 / 침구 / 솔형 / 더스팅 / 틈새 / 긴틈새 / 거치대 / [부가] 먼지통용량: 0.3L / 색상: 사틴화이트 / 무게: 2.75kg / 크기(가로x세로x깊이): 256x1100x130mm,285750
웍스 WG630E.2,"업소용청소기 / 고압세척기 / 무선형 / BLDC모터 / 충전시간: 1시간15분 / 사용시간: 35분 / 용량: 2500mAh / 작동압력: 25bar / 소비전력: 80W / 무게: 2.5kg / 색상: 오렌지 / 배터리잔량표시 / 과열방지 / 브러쉬: 회오리노즐, 하부세척커넥터, 호스",199580
샤오미 SHUNZAO 차량용 무선청소기 2세대 Z1 (해외구매),"차량용청소기 / 무선 / 흡입력: 7,000Pa / 최대출력: 90W / 2중필터 / 추가노즐: 틈새, 솔브러쉬 / LED라이트 / 사용시간: 30분 / 충전방식: USB C타입 / 충전시간: 2시간30분 / 크기: 73x76x336mm / 무게: 700g",22330
엔퓨텍 퓨라이트XD,침구청소기 / 핸디형 / 무선형 / 충전시간: 2시간 / 사용시간: 1시간30분 / 용량: 1100mAh / 청소모드: UV살균 / 무게: 0.453kg / 소비전력: 9W / 크기(가로x세로x깊이): 80x530x60mm,178000
일렉트로룩스 PURE Q9 PQ91-2OG,핸디/스틱청소기 / 핸디+스틱형 / 무선형 / 흡입전용 / [성능] 싸이클론 / [배터리] 리튬이온 / 충전시간: 3시간30분 / 사용시간: 50분 / [필터] 5단계여과 / [기능] 브러쉬자동청소 / 셀프스탠딩 / LED라이트 / [구성품] 바닥 / 솔형 / 틈새 / 거치대 / [부가] 먼지통용량: 0.3L / 색상: 그라나이트그레이 / 무게: 2.7kg / 크기(가로x세로x깊이): 234x1056x163mm,232190
스카이 케어 클리어 S,"차량용청소기 / 무선 / 최대출력: 65W / 헤파필터 / 추가노즐: 틈새, 솔브러쉬, 연장호스 / 사용시간: 18분 / 크기: 72x72x270mm / 무게: 550g",49400
WavpHAkU1Q,WavpHAkU1Q575029,575029
DIBEA M24 MAX,핸디/스틱청소기 / 핸디+스틱형 / 무선형 / 흡입+걸레겸용 / [성능] 싸이클론 / BLDC모터 / 흡입력: 25000Pa / 소비전력: 400W / [배터리] 분리형 / 용량: 2000mAh / 충전시간: 3시간 / 사용시간: 50분 / [필터] 헤파필터 / H13급 / [기능] LED라이트 / 배터리잔량표시 / [구성품] 바닥 / 물걸레 / 침구 / 솔형 / 틈새 / 거치대 / [부가] 먼지통용량: 0.5L / 물통용량: 0.26L / 색상: 옐로우 / 무게: 2.5kg / 크기(가로x세로x깊이): 256x1172x217mm,189000
캐치웰 NEW F8,핸디/스틱청소기 / 핸디+스틱형 / 무선형 / 흡입+걸레겸용 / [성능] 싸이클론 / BLDC모터 / 흡입력: 29000Pa / 소비전력: 400W / [배터리] 분리형 / 용량: 2200mAh / 충전시간: 5시간 / 사용시간: 25분 / [필터] 헤파필터 / H13급 / 4단계여과 / [기능] LED라이트 / 배터리잔량표시 / 프리볼트 / [구성품] 바닥 / 물걸레 / 침구 / 틈새 / 거치대 / [부가] 먼지통용량: 0.5L / 색상: 화이트 / 무게: 2.11kg,199000
오토싱 OTOCINC-700B,물걸레청소기 / 스틱형 / 회전식 / 무선형 / 사용시간: 40분 / 배터리: 리튬이온 / 무게: 3.2kg / 소비전력: 80W / 색상: 화이트 / 패드: 극세사(벨크로형) / 크기(가로x세로x깊이): 410x1190x220mm,104900
삼성전자 파워스틱 VS60M6010KG,핸디/스틱청소기 / 핸디+스틱형 / 무선형 / 소비전력: 120W / [배터리] 리튬이온 / 충전시간: 5시간 / 사용시간: 40분 / [기능] 셀프스탠딩 / [구성품] 솔형 / [부가] 색상: 내추럴그레이 / 무게: 2.7kg / 크기(가로x세로x깊이): 260x1100x165mm,158990
LG전자 코드제로 터보2.0 S87GMW,핸디/스틱청소기 / 핸디+스틱형 / 무선형 / 물걸레 / [성능] 인버터모터 / [배터리] 분리형 / 리튬이온 / 충전시간: 4시간30분 / 사용시간: 20분 / [필터] 헤파필터 / 5단계여과 / [기능] LED라이트 / 배터리잔량표시 / [구성품] 바닥 / 솔형 / 틈새 / [부가] 색상: 메탈릭골드 / 무게: 2.9kg / 크기(가로x세로x깊이): 190x1105x270mm,437520
일렉트로룩스 에르고라피도 파워프로 ZB3411,핸디/스틱청소기 / 핸디+스틱형 / 무선형 / 흡입전용 / [성능] 싸이클론 / [배터리] 리튬이온 / 충전시간: 4시간 / 사용시간: 48분 / [필터] 헤파필터 / 4단계여과 / [기능] 셀프스탠딩 / 배터리잔량표시 / [구성품] 바닥 / 틈새 / 거치대 / [부가] 먼지통용량: 0.42L / 색상: 타이탄블루 / 무게: 3kg / 크기(가로x세로x깊이): 303x690x162mm,183290
삼성전자 파워스틱 VS03R6523J2,핸디/스틱청소기 / 핸디+스틱형 / 무선형 / 소비전력: 170W / [배터리] 분리형 / 리튬이온 / [필터] 헤파필터 / [기능] 셀프스탠딩 / 프리볼트 / [구성품] 바닥 / 틈새 / 연장툴 / [부가] 먼지통용량: 0.25L / 색상: 메탈블랙 / 무게: 2.8kg / 크기(가로x세로x깊이): 250x1130x225mm,260990
베이스어스 차량용 무선 진공 청소기 A2 (해외구매),"차량용청소기 / 무선 / 흡입력: 5,000Pa / 최대출력: 70W / 헤파필터 / 추가노즐: 솔브러쉬 / 사용시간: 18분 / 색상: 그린, 블랙, 화이트 / 60ml 먼지통 / 배터리 표시등",19770
샤오미 WXCDJ01SWDK,물걸레청소기 / 스틱형 / 왕복식 / 무선형 / 충전시간: 3시간 / 사용시간: 1시간 / 배터리: 리튬이온 / 용량: 2200mAh / 물분사 / LED라이트 / 각도조절 / 거치대 / 프리볼트 / 무게: 2.6kg / 소비전력: 25W / 색상: 화이트 / 크기(가로x세로x깊이): 296x1114x220mm,81340
삼성전자 제트 VS20R9078S2CS,핸디/스틱청소기 / 핸디+스틱형 / 무선형 / 흡입+걸레겸용 / [성능] 싸이클론 / 인버터모터 / 흡입력: 200W / 소비전력: 550W / [배터리] 분리형 / 리튬이온 (2개) / 충전시간: 3시간30분 / 사용시간: 2시간 / [필터] 헤파필터 / 5단계여과 / [기능] 디스플레이표시창 / 프리볼트 / [구성품] 바닥 / 물걸레 / 침구 / 솔형 / 틈새 / 연장툴 / 거치대 / [부가] 먼지통용량: 0.5L / 알레르기인증(BAF) / 미세먼지인증(SLG) / 색상: 티탄+블루 / 무게: 2.7kg / 크기(가로x세로x깊이): 250x1136x215mm / [VCA-SAE90A] 청정스테이션 / 색상: 블랙 / 크기(가로x세로x깊이): 185x600x180mm,782210
LG전자 코드제로 A9 A9100S + VNZ-PN02N,핸디/스틱청소기 / 핸디+스틱형 / 무선형 / 흡입+걸레겸용 / [성능] 2중터보싸이클론 / 인버터모터 / 소비전력: 450W / [배터리] 분리형 / 리튬이온 / 충전시간: 3시간30분 / 사용시간: 40분 / [필터] 헤파필터 / H13급 / 5단계여과 / [기능] 배터리잔량표시 / [구성품] 바닥 / 물걸레 / 솔형 / 틈새 / 거치대 / [부가] 알레르기인증(BAF) / 미세먼지인증(SLG) / 색상: 판타지실버 / 크기(가로x세로x깊이): 250x1120x260mm,710710
삼성전자 제트 VS20T9278S7,핸디/스틱청소기 / 핸디+스틱형 / 무선형 / 흡입+걸레겸용 / [성능] 싸이클론 / 인버터모터 / 흡입력: 200W / 소비전력: 550W / [배터리] 분리형 / 리튬이온 (2개) / 충전시간: 3시간30분 / 사용시간: 2시간 / [필터] 헤파필터 / 5단계여과 / [기능] 디스플레이표시창 / 프리볼트 / [구성품] 바닥 / 물걸레 / 침구 / 솔형 / 틈새 / 연장툴 / 거치대 / [부가] 먼지통용량: 0.5L / 미세먼지인증(SLG) / 색상: 티탄+골드 / 크기(가로x세로x깊이): 250x1136x215mm,894470
삼성전자 제트 VS15R8577S5,핸디/스틱청소기 / 핸디+스틱형 / 무선형 / 흡입+걸레겸용 / [성능] 싸이클론 / 인버터모터 / 흡입력: 150W / 소비전력: 410W / [배터리] 분리형 / 리튬이온 (2개) / 충전시간: 3시간30분 / 사용시간: 1시간20분 / [필터] 헤파필터 / 5단계여과 / [기능] 디스플레이표시창 / 프리볼트 / [구성품] 바닥 / 물걸레 / 솔형 / 틈새 / 거치대 / [부가] 먼지통용량: 0.5L / 알레르기인증(BAF) / 미세먼지인증(SLG) / 색상: 틸실버 / 무게: 2.57kg / 크기(가로x세로x깊이): 250x1123x215mm,608260
일렉트로룩스 에르고라피도 프로 플러스 ZB3113AK,핸디/스틱청소기 / 핸디+스틱형 / 무선형 / 흡입전용 / [성능] 싸이클론 / [배터리] 리튬이온 / 충전시간: 4시간 / 사용시간: 45분 / [필터] 3단계여과 / [기능] 브러쉬자동청소 / 셀프스탠딩 / LED라이트 / 배터리잔량표시 / [구성품] 바닥 / 침구 / 긴틈새 / 패브릭 / 연장툴 / 거치대 / [부가] 먼지통용량: 0.5L / 색상: 텅스텐 / 무게: 2.6kg / 크기(가로x세로x깊이): 263x1070x150mm,298990
유니맥스 UVC-1685A,핸디/스틱청소기 / 핸디+스틱형 / 유선형 / [성능] 싸이클론 / 소비전력: 600W / [구성품] 바닥 / 틈새 / [부가] 색상: 블루 / 무게: 2.1kg / 크기(가로x세로x깊이): 270x1300x270mm,31340
DIBEA 에이스 맥스,핸디/스틱청소기 / 핸디+스틱형 / 무선형 / [성능] 싸이클론 / 흡입력: 19000Pa / 소비전력: 250W / [배터리] 리튬이온 / 용량: 2200mAh / 충전시간: 4~5시간 / 사용시간: 30분 / [필터] 헤파필터 / H13급 / 4단계여과 / [구성품] 바닥 / 솔형 / 틈새 / 연장툴 / 거치대 / [부가] 먼지통용량: 0.55L / 무게: 2.3kg / 크기(가로x세로x깊이): 240x1040x211mm,137480
아이룸 AST-009,핸디/스틱청소기 / 핸디+스틱형 / 무선형 / [성능] 싸이클론 / 흡입력: 7000Pa / 소비전력: 120W / [배터리] 리튬이온 / 용량: 2200mAh / 충전시간: 4시간 / 사용시간: 40분 / [필터] 헤파필터 / [기능] 배터리잔량표시 / [구성품] 바닥 / 솔형 / 틈새 / 연장툴 / 거치대 / [부가] 무게: 2.8kg,118000
LG전자 코드제로 A9 A978,핸디/스틱청소기 / 핸디+스틱형 / 무선형 / 흡입+걸레겸용 / [성능] 2중터보싸이클론 / 인버터모터 / 흡입력: 140W / 소비전력: 450W / [배터리] 분리형 / 리튬이온 (2개) / 충전시간: 3시간30분 / 사용시간: 80분 / [필터] 헤파필터 / H13급 / 5단계여과 / [기능] 자동물공급 / [구성품] 바닥 / 물걸레 / 침구 / 솔형 / 굳은먼지 / 상부청소 / 틈새 / 긴틈새 / 매트리스 / 연장툴 / 거치대 / [부가] 색상: 아이언그레이 / 크기(가로x세로x깊이): 260x1120x270mm,996430
카렉스 파워스톰 미니 무선청소기,"차량용청소기 / 무선 / 흡입력: 12,000Pa / 2중필터 / 헤파필터 / 추가노즐: 틈새, 솔브러쉬 / 사용시간: 17분 / 충전방식: 시거잭, 220V / BLCD모터 / 충전시간: 5시간30분 / 크기: 93x439mm / 무게: 505g",76350
LG전자 코드제로 터보 S86W,"핸디/스틱청소기 / 핸디+스틱형 / 무선형 / [성능] 인버터모터 / 소비전력: 90W / [배터리] 분리형 / 리튬이온 (2개) / 충전시간: 4시간30분 / 사용시간: 40분(강), 70분(약) / [기능] LED라이트 / 배터리잔량표시 / [구성품] 바닥 / 솔형 / 틈새 / [부가] 색상: 샤이니레드 / 무게: 2.8kg / 크기(가로x세로x깊이): 190x1105x270mm",922980
LG전자 코드제로 A9 A938A,핸디/스틱청소기 / 핸디+스틱형 / 무선형 / [성능] 2중터보싸이클론 / 인버터모터 / 흡입력: 140W / 소비전력: 450W / [배터리] 분리형 / 리튬이온 / 충전시간: 3시간30분 / 사용시간: 40분 / [필터] 헤파필터 / H13급 / 5단계여과 / [구성품] 바닥 / 솔형 / 굳은먼지 / 틈새 / 매트리스 / 거치대 / [부가] 색상: 판타지실버 / 무게: 2.7kg / 크기(가로x세로x깊이): 260x1120x270mm,716550
다이슨 V10 모터헤드,핸디/스틱청소기 / 핸디+스틱형 / 무선형 / [성능] 싸이클론 / [배터리] 충전시간: 3시간30분 / 사용시간: 1시간 / [구성품] 다이렉트드라이브 / 솔형 / 틈새 / 도킹스테이션 / [부가] 무게: 2.5kg,532100
일렉트로룩스 에르고라피도 파워프로 ZB3426BL,핸디/스틱청소기 / 핸디+스틱형 / 무선형 / 흡입전용 / [성능] 싸이클론 / [배터리] 리튬이온 / 충전시간: 4시간 / 사용시간: 48분 / [필터] 4단계여과 / [기능] 셀프스탠딩 / 배터리잔량표시 / [구성품] 바닥 / 침구 / 솔형 / 틈새 / 긴틈새 / 패브릭 / 연장툴 / 거치대 / [부가] 먼지통용량: 0.42L / 알레르기인증(BAF) / 색상: 사틴화이트 / 무게: 3.6kg,182920
경성오토비스 KAC-7000,물걸레청소기 / 스틱형 / 왕복식 / 무선형 / 충전시간: 3시간 / 사용시간: 80분 / 배터리: 리튬이온 / 용량: 2050mAh / 각도조절 / 풋터치버튼 / 무게: 3.1kg / 소비전력: 30W / 색상: 화이트 / 패드: 극세사(벨크로형)  / 크기(가로x세로x깊이): 270x1180x270mm,131350
삼성전자 파워건 VS80M8080,핸디/스틱청소기 / 핸디+스틱형 / 무선형 / [성능] 싸이클론 / 인버터모터 / 흡입력: 150W / 소비전력: 450W / [배터리] 리튬이온 / 충전시간: 4시간30분 / 사용시간: 40분 / [필터] 헤파필터 / 5단계여과 / [구성품] 바닥 / 카펫 / 솔형 / 틈새 / 연장툴 / [부가] 색상: 메탈실버 / 무게: 2.95kg / 플렉스핸들 / 크기(가로x세로x깊이): 252x1110x315mm,519990
일렉트로룩스 에르고라피도 플러스 ZB3105AK,핸디/스틱청소기 / 핸디+스틱형 / 무선형 / 흡입전용 / [성능] 싸이클론 / [배터리] 리튬이온 / 충전시간: 4시간 / 사용시간: 30분 / [필터] 3단계여과 / [기능] 브러쉬자동청소 / 셀프스탠딩 / LED라이트 / 배터리잔량표시 / [구성품] 바닥 / 침구 / 틈새 / 긴틈새 / 패브릭 / 연장툴 / 거치대 / [부가] 먼지통용량: 0.5L / 색상: 브론즈 / 무게: 2.5kg / 크기(가로x세로x깊이): 263x1070x150mm,363410
LG전자 코드제로 A9 A940,핸디/스틱청소기 / 핸디+스틱형 / 무선형 / [성능] 2중터보싸이클론 / 인버터모터 / 흡입력: 140W / 소비전력: 450W / [배터리] 분리형 / 리튬이온 (2개) / 충전시간: 3시간30분 / 사용시간: 80분 / [필터] 헤파필터 / H13급 / 5단계여과 / [구성품] 바닥 / 거치대 / [부가] 색상: 보헤미안레드 / 무게: 2.7kg / 크기(가로x세로x깊이): 260x1120x270mm,999990
LG전자 코드제로 A9 A958A,핸디/스틱청소기 / 핸디+스틱형 / 무선형 / [성능] 2중터보싸이클론 / 인버터모터 / 흡입력: 140W / 소비전력: 450W / [배터리] 분리형 / 리튬이온 (2개) / 충전시간: 3시간30분 / 사용시간: 80분 / [필터] 헤파필터 / H13급 / 5단계여과 / [구성품] 바닥 / 침구 / 솔형 / 굳은먼지 / 틈새 / 매트리스 / 거치대 / [부가] 색상: 판타지실버 / 무게: 2.7kg / 크기(가로x세로x깊이): 260x1120x270mm,888270
DIBEA NEW F7,핸디/스틱청소기 / 핸디+스틱형 / 무선형 / [성능] 싸이클론 / 흡입력: 18000Pa / 소비전력: 250W / [배터리] 리튬이온 / 충전시간: 4~6시간 / 사용시간: 35분 / [필터] 헤파필터 / H13급 / [기능] 배터리잔량표시 / [구성품] 바닥 / 카펫 / 틈새 / 연장툴 / 거치대 / [부가] 먼지통용량: 0.5L / 무게: 2.11kg,185250
일렉트로룩스 울트라파워 ZB5021,핸디/스틱청소기 / 스틱형 / 무선형 / 흡입전용 / [성능] 싸이클론 / [배터리] 리튬이온 / 충전시간: 4시간 / 사용시간: 50분 / [기능] 브러쉬자동청소 / 셀프스탠딩 / LED라이트 / 배터리잔량표시 / [구성품] 거치대 / [부가] 먼지통용량: 0.8L / 색상: 다크브로도 / 무게: 2.8kg / 크기(가로x세로x깊이): 260x1100x160mm,369220
다이슨 V8 앱솔루트 플러스,핸디/스틱청소기 / 핸디+스틱형 / 무선형 / [성능] 싸이클론 / 흡입력: 115AW / 소비전력: 425W / [배터리] 리튬이온 / 충전시간: 5시간 / 사용시간: 40분 / [구성품] 소프트롤러 / 다이렉트드라이브 / 미니모터 / 솔형 / 더스팅 / 틈새 / 긴틈새 / 매트리스 / 연장툴 / 업탑어댑터 / 도킹스테이션 / [부가] 무게: 2.63kg / 크기(가로x세로x깊이): 250x1244x210mm,749990
샤오미 로이드미 제로,핸디/스틱청소기 / 핸디+스틱형 / 무선형 / 흡입전용 / [성능] 싸이클론 / BLDC모터 / 흡입력: 120AW / 흡입력: 22000Pa / 소비전력: 335W / [배터리] 용량: 2500mAh / 충전시간: 3시간 / 사용시간: 1시간 / [필터] 헤파필터 / H12급 / [기능] 프리볼트 / [구성품] 바닥 / 침구 / 솔형 / 틈새 / 연장툴 / 거치대 / [부가] 먼지통용량: 0.65L / 색상: 라벤더 / 무게: 1.55kg / 크기(가로x세로): 221x1191mm,221040
샤오미 로이드미 F8,핸디/스틱청소기 / 핸디+스틱형 / 무선형 / [성능] 흡입력: 115W / 흡입력: 18500Pa / [배터리] 용량: 2500mAh / 충전시간: 2시간30분 / [필터] 헤파필터 / 4단계여과 / [기능] LED라이트 / WiFi / 프리볼트 / [구성품] 바닥 / 솔형 / 틈새 / 거치대 / 크기(가로x세로x깊이): 256x1178x157mm,368550
삼성전자 제트 VS20R9078S3,핸디/스틱청소기 / 핸디+스틱형 / 무선형 / 물걸레 / [성능] 싸이클론 / 인버터모터 / 흡입력: 200W / 소비전력: 550W / [배터리] 분리형 / 리튬이온 (2개) / 충전시간: 3시간30분 / 사용시간: 120분 / [필터] 헤파필터 / 5단계여과 / [기능] 디스플레이표시창 / 프리볼트 / [구성품] 바닥 / 물걸레 / 침구 / 솔형 / 틈새 / 연장툴 / 거치대 / [부가] 먼지통용량: 0.5L / 알레르기인증(BAF) / 미세먼지인증(SLG) / 색상: 티탄+그레이 / 무게: 2.7kg / 크기(가로x세로x깊이): 250x1136x215mm,726950
삼성전자 파워건 VS80M8051KL,핸디/스틱청소기 / 핸디+스틱형 / 무선형 / [성능] 싸이클론 / 인버터모터 / 흡입력: 150W / 소비전력: 450W / [배터리] 리튬이온 / 충전시간: 4시간30분 / 사용시간: 40분 / [필터] 헤파필터 / 5단계여과 / [구성품] 바닥 / 솔형 / 틈새 / [부가] 색상: 메탈레드 / 무게: 2.95kg / 플렉스핸들 / 크기(가로x세로x깊이): 252x1110x315mm,649500
롯데 L-277,핸디/스틱청소기 / 핸디+스틱형 / 무선형 / [성능] 싸이클론 / 흡입력: 160W / 소비전력: 160W / [배터리] 분리형 / 리튬이온 / 용량: 2150mAh / 충전시간: 4시간30분 / 사용시간: 30분 / [필터] 헤파필터 / H13급 / [기능] LED라이트 / 프리볼트 / [구성품] 바닥 / 솔형 / 틈새 / 연장툴 / 거치대 / [부가] 먼지통용량: 0.8L / 무게: 3.7kg / 크기(가로x세로x깊이): 220x1150x250mm,260600
LG전자 코드제로 S74R,핸디/스틱청소기 / 핸디+스틱형 / 무선형 / [성능] 싸이클론 / 소비전력: 80W / [배터리] 리튬이온 / 충전시간: 4시간30분 / 사용시간: 35분 / [기능] 배터리잔량표시 / [구성품] 바닥 / 솔형 / 틈새 / [부가] 색상: 샤이니레드 / 무게: 2.8kg / 크기(가로x세로x깊이): 190x1105x270mm,900000
DIBEA AUTO17000,핸디/스틱청소기 / 핸디+스틱형 / 무선형 / 흡입전용 / [성능] BLDC모터 / 흡입력: 17000Pa / [필터] 헤파필터 / [구성품] 바닥 / [부가] 색상: 블랙 / 무게: 0.5kg,92070
XSDBxjJ4cv,XSDBxjJ4cv973885,973885
다이슨 V10 플러피,핸디/스틱청소기 / 핸디+스틱형 / 무선형 / [성능] 싸이클론 / 소비전력: 525W / [배터리] 리튬이온 / 충전시간: 3시간30분 / 사용시간: 1시간 / [구성품] 소프트롤러 / 미니모터 / 솔형 / 더스팅 / 틈새 / 도킹스테이션 / [부가] 무게: 2.5kg / 크기(가로x세로x깊이): 250x1241x256mm,551080
다이슨 V8 플러피 프로,핸디/스틱청소기 / 핸디+스틱형 / 무선형 / [성능] 싸이클론 / 흡입력: 155AW / 소비전력: 485W / [배터리] 리튬이온 / 충전시간: 5시간 / 사용시간: 40분 / [구성품] 소프트롤러 / 미니모터 / 솔형 / 틈새 / 긴틈새 / 도킹스테이션 / [부가] 무게: 2.63kg / 크기(가로x세로x깊이): 250x1244x210mm,659990
삼성전자 제트 VS20R9048SB,핸디/스틱청소기 / 핸디+스틱형 / 무선형 / 흡입+걸레겸용 / [성능] 싸이클론 / 인버터모터 / 흡입력: 200W / 소비전력: 550W / [배터리] 리튬이온 / 충전시간: 3시간30분 / 사용시간: 1시간 / [필터] 헤파필터 / 5단계여과 / [기능] 디스플레이표시창 / 프리볼트 / [구성품] 바닥 / 물걸레 / 침구 / 솔형 / 틈새 / 연장툴 / 거치대 / [부가] 먼지통용량: 0.5L / 알레르기인증(BAF) / 미세먼지인증(SLG) / 색상: 실버+블루 / 무게: 2.7kg / 크기(가로x세로x깊이): 250x1136x215mm,679890
LG전자 코드제로 A9 A960,핸디/스틱청소기 / 핸디+스틱형 / 무선형 / [성능] 2중터보싸이클론 / 인버터모터 / 흡입력: 140W / 소비전력: 450W / [배터리] 분리형 / 리튬이온 (2개) / 충전시간: 3시간30분 / 사용시간: 80분 / [필터] 헤파필터 / H13급 / 5단계여과 / [구성품] 바닥 / 카펫 / 침구 / 굳은먼지 / 상부청소 / 긴틈새 / 매트리스 / 연장툴 / 거치대 / [부가] 색상: 블랙 / 무게: 2.7kg / 크기(가로x세로x깊이): 260x1120x270mm,1550000
다이슨 V7 플러피 플러스,핸디/스틱청소기 / 핸디+스틱형 / 무선형 / [성능] 싸이클론 / 흡입력: 100AW / 소비전력: 350W / [배터리] 리튬이온 / 충전시간: 3시간30분 / 사용시간: 30분 / [구성품] 소프트롤러 / 미니모터 / 솔형 / 틈새 / 긴틈새 / 도킹스테이션 / [부가] 무게: 2.32kg / 크기(가로x세로x깊이): 250x1243x210mm,698380
경성오토비스 KAC-5500,"물걸레청소기 / 스틱형 / 왕복식 / 무선형 / 충전시간: 3시간 / 사용시간: 60분 / 용량: 2000mAh / 가구손상방지 / 셀프스탠딩 / 풋터치버튼 / 무게: 3.1kg / 소비전력: 30W / 색상: 화이트, 그린, 오렌지 / 패드: 극세사(벨크로형) / 크기(가로x세로x깊이): 270x1180x270mm",126940
일렉트로룩스 울트라파워 ZB5022,핸디/스틱청소기 / 스틱형 / 무선형 / 흡입전용 / [성능] 싸이클론 / [배터리] 분리형 / 리튬이온 / 충전시간: 4시간 / 사용시간: 1시간 / [기능] 브러쉬자동청소 / 셀프스탠딩 / LED라이트 / 배터리잔량표시 / [구성품] 거치대 / [부가] 먼지통용량: 0.8L / 색상: 텅스텐 / 무게: 3kg / 크기(가로x세로x깊이): 260x1100x160mm,700000
다이슨 V8 앱솔루트,핸디/스틱청소기 / 핸디+스틱형 / 무선형 / [성능] 싸이클론 / 소비전력: 485W / [배터리] 리튬이온 / 충전시간: 5시간 / 사용시간: 40분 / [기능] 프리볼트 / [구성품] 소프트롤러 / 다이렉트드라이브 / 미니모터 / 솔형 / 더스팅 / 틈새 / 도킹스테이션 / [부가] 110V / 변환어댑터: 필요 / 무게: 2.58kg / 크기(가로x세로x깊이): 250x1244x224mm,623690
DIBEA C17,핸디/스틱청소기 / 핸디+스틱형 / 무선형 / [성능] 싸이클론 / 흡입력: 7000Pa / 소비전력: 120W / [배터리] 리튬이온 / 용량: 2200mAh / 충전시간: 4~5시간 / 사용시간: 40분 / [기능] 프리볼트 / [구성품] 바닥 / 솔형 / 틈새 / 연장툴 / [부가] 먼지통용량: 0.35L / 무게: 2.3kg / 크기(가로x세로x깊이): 272x1200x210mm,207900
다이슨 V8 앱솔루트 엑스트라,핸디/스틱청소기 / 핸디+스틱형 / 무선형 / [성능] 싸이클론 / 흡입력: 155AW / 소비전력: 485W / [배터리] 리튬이온 / 충전시간: 5시간 / 사용시간: 40분 / [구성품] 소프트롤러 / 다이렉트드라이브 / 미니모터 / 솔형 / 스터번더트 / 틈새 / 도킹스테이션 / [부가] 먼지통용량: 0.54L / 무게: 2.63kg / 크기(가로x세로x깊이): 250x1244x210mm,723980
삼성전자 파워건 VS80M8090,핸디/스틱청소기 / 핸디+스틱형 / 무선형 / [성능] 싸이클론 / 인버터모터 / 흡입력: 150W / 소비전력: 450W / [배터리] 분리형 / 리튬이온 (2개) / 충전시간: 4시간30분 / 사용시간: 80분 / [필터] 헤파필터 / 5단계여과 / [구성품] 바닥 / 카펫 / 침구 / 솔형 / 틈새 / 연장툴 / [부가] 색상: 메탈실버 / 무게: 2.95kg / 플렉스핸들 / 크기(가로x세로x깊이): 252x1110x315mm,929560
EUP 스톰샷 VH806,핸디/스틱청소기 / 핸디+스틱형 / 무선형 / [성능] 흡입력: 7000Pa / 소비전력: 150W / [배터리] 리튬이온 / 용량: 2200mAh / 충전시간: 4~5시간 / 사용시간: 20~30분 / [필터] 헤파필터 / [기능] 프리볼트 / [구성품] 바닥 / 솔형 / 틈새 / 연장툴 / [부가] 110V / 변환어댑터: 필요 / 색상: 핑크 / 무게: 2.3kg / 크기(가로x세로): 280x1100mm,109500
삼성전자 뉴파워건 VS80N8062KK,"핸디/스틱청소기 / 핸디+스틱형 / 무선형 / [성능] 싸이클론 / 인버터모터 / 흡입력: 150W / 소비전력: 450W / [배터리] 리튬이온 / 충전시간: 4시간30분 / 사용시간: 40분 / [필터] 헤파필터 / 5단계여과 / [부가] 알레르기인증(BAF) / 미세먼지인증(SLG) / 색상: 에어본블랙 / 무게: 2.95kg / 플렉스핸들 / 브러쉬: 듀얼액션, 소프트액션, 솔형, 틈새, 침구 / 크기(가로x세로x깊이): 252x1110x315mm",674990
다이슨 V8 플러피 헤파,핸디/스틱청소기 / 핸디+스틱형 / 무선형 / [성능] 싸이클론 / 흡입력: 115AW / 소비전력: 350W / [배터리] 리튬이온 / 충전시간: 5시간 / 사용시간: 40분 / [필터] 헤파필터 / [구성품] 소프트롤러 / 미니모터 / 솔형 / 더스팅 / 틈새 / 매트리스 / 업탑어댑터 / 도킹스테이션 / [부가] 무게: 2.63kg / 크기(가로x세로x깊이): 250x1244x210mm,1128000
일렉트로룩스 에르고라피도 ZB3111,핸디/스틱청소기 / 핸디+스틱형 / 무선형 / 흡입전용 / [성능] 싸이클론 / [배터리] 리튬이온 / 충전시간: 4시간 / 사용시간: 45분 / [필터] 3단계여과 / [기능] 브러쉬자동청소 / 셀프스탠딩 / LED라이트 / 배터리잔량표시 / [구성품] 바닥 / 틈새 / 거치대 / [부가] 먼지통용량: 0.5L / 색상: 초콜릿브라운메탈릭 / 무게: 2.6kg / 크기(가로x세로x깊이): 263x1070x150mm,1233730
다이슨 V8 앱솔루트 프로,핸디/스틱청소기 / 핸디+스틱형 / 무선형 / [성능] 싸이클론 / 흡입력: 155AW / 소비전력: 485W / [배터리] 리튬이온 / 충전시간: 5시간 / 사용시간: 40분 / [구성품] 소프트롤러 / 다이렉트드라이브 / 미니모터 / 솔형 / 틈새 / 긴틈새 / 업탑어댑터 / 도킹스테이션 / [부가] 먼지통용량: 0.54L / 무게: 2.63kg / 크기(가로x세로x깊이): 250x1244x210mm,797840
삼성전자 뉴파워건 VS75N8011,핸디/스틱청소기 / 핸디+스틱형 / 무선형 / [성능] 싸이클론 / 인버터모터 / 흡입력: 130W / 소비전력: 400W / [배터리] 리튬이온 / 충전시간: 4시간30분 / 사용시간: 40분 / [필터] 헤파필터 / 5단계여과 / [구성품] 바닥 / 솔형 / 틈새 / [부가] 색상: 에어본블랙 / 무게: 2.95kg / 플렉스핸들 / 크기(가로x세로x깊이): 252x1110x315mm,470600
삼성전자 제트 VS19R1004BF,핸디/스틱청소기 / 핸디+스틱형 / 무선형 / 흡입+걸레겸용 / [성능] 싸이클론 / 인버터모터 / 흡입력: 150W / 소비전력: 410W / [배터리] 리튬이온 / 충전시간: 3시간30분 / 사용시간: 40분 / [필터] 헤파필터 / 5단계여과 / [기능] 디스플레이표시창 / 프리볼트 / [구성품] 바닥 / 솔형 / 틈새 / 거치대 / [부가] 먼지통용량: 0.5L / 알레르기인증(BAF) / 미세먼지인증(SLG) / 색상: 틸민트 / 무게: 2.6kg / 크기(가로x세로x깊이): 250x1123x215mm,682140
다이슨 V6 코드프리 플러스,핸디/스틱청소기 / 핸디+스틱형 / 무선형 / [성능] 싸이클론 / 흡입력: 100AW / 소비전력: 350W / [배터리] 리튬이온 / 충전시간: 3시간30분 / 사용시간: 20분 / [구성품] 카본파이버 / 솔형 / 도킹스테이션 / [부가] 색상: 실버 / 무게: 2.1kg / 크기(가로x세로x깊이): 208x1180x211mm,869140
LG전자 코드제로 A9 A950,핸디/스틱청소기 / 핸디+스틱형 / 무선형 / [성능] 2중터보싸이클론 / 인버터모터 / 흡입력: 140W / 소비전력: 450W / [배터리] 분리형 / 리튬이온 (2개) / 충전시간: 3시간30분 / 사용시간: 80분 / [필터] 헤파필터 / H13급 / 5단계여과 / [구성품] 바닥 / 침구 / 솔형 / 틈새 / 거치대 / [부가] 색상: 블랙 / 무게: 2.7kg / 크기(가로x세로x깊이): 260x1120x270mm,973820
삼성전자 파워건 VS80M8030,핸디/스틱청소기 / 핸디+스틱형 / 무선형 / [성능] 싸이클론 / 인버터모터 / 흡입력: 150W / 소비전력: 450W / [배터리] 리튬이온 / 충전시간: 4시간30분 / 사용시간: 40분 / [필터] 헤파필터 / 5단계여과 / [구성품] 바닥 / 솔형 / 틈새 / [부가] 색상: 에어본실버 / 무게: 2.95kg / 플렉스핸들 / 크기(가로x세로x깊이): 252x1110x315mm,649990
DIBEA V008 프로,핸디/스틱청소기 / 핸디+스틱형 / 무선형 / [성능] 싸이클론 / DC모터 / 흡입력: 17000Pa / 소비전력: 250W / [배터리] 리튬이온 / 용량: 2200mAh / 충전시간: 4~5시간 / 사용시간: 30분 / [기능] 배터리잔량표시 / [구성품] 바닥 / 솔형 / 틈새 / 연장툴 / [부가] 색상: 화이트 / 무게: 2.3kg / 크기(가로x세로x깊이): 240x1040x212mm,179000
LG전자 코드제로 A9 A930,핸디/스틱청소기 / 핸디+스틱형 / 무선형 / [성능] 2중터보싸이클론 / 인버터모터 / 흡입력: 140W / 소비전력: 450W / [배터리] 분리형 / 리튬이온 / 충전시간: 3시간30분 / 사용시간: 40분 / [필터] 헤파필터 / H13급 / 5단계여과 / [구성품] 바닥 / 거치대 / [부가] 알레르기인증(BAF) / 미세먼지인증(SLG) / 색상: 아쿠아블루 / 무게: 2.7kg / 크기(가로x세로x깊이): 260x1120x270mm,1200000
삼성전자 파워건 VS80M8065K2,핸디/스틱청소기 / 핸디+스틱형 / 무선형 / [성능] 싸이클론 / 인버터모터 / 흡입력: 150W / 소비전력: 450W / [배터리] 리튬이온 / 충전시간: 4시간30분 / 사용시간: 40분 / [필터] 헤파필터 / 5단계여과 / [구성품] 바닥 / 침구 / 솔형 / 틈새 / [부가] 색상: 메탈실버 / 무게: 2.95kg / 플렉스핸들 / 크기(가로x세로x깊이): 252x1110x315mm,1440150
일렉트로룩스 에르고라피도 ZB3311,핸디/스틱청소기 / 핸디+스틱형 / 무선형 / 흡입전용 / [성능] 싸이클론 / [배터리] 리튬이온 / 충전시간: 4시간 / 사용시간: 48분 / [필터] 4단계여과 / [기능] 브러쉬자동청소 / 셀프스탠딩 / LED라이트 / 배터리잔량표시 / [구성품] 바닥 / 틈새 / 거치대 / [부가] 먼지통용량: 0.42L / 알레르기인증(BAF) / 색상: 타이탄블루 / 무게: 3.01kg / 크기(가로x세로x깊이): 303x690x162mm,144860
다이슨 V11 컴플리트 엑스트라,핸디/스틱청소기 / 핸디+스틱형 / 무선형 / [성능] 싸이클론 / 흡입력: 220AW / [배터리] 충전시간: 4시간30분 / 사용시간: 1시간 / [기능] 디스플레이표시창 / [구성품] 하이토크 / 소프트롤러 / 미니모터 / 솔형 / 더스팅 / 틈새 / 매트리스 / 거치대 / 도킹스테이션 / [부가] 먼지통용량: 0.54L / 색상: 니켈블루 / 무게: 2.95kg / 크기(가로x세로x깊이): 261x1280x250mm,887720
삼성전자 제트 VS20T9213QDCS,핸디/스틱청소기 / 핸디+스틱형 / 무선형 / 흡입+걸레겸용 / [성능] 싸이클론 / 인버터모터 / 흡입력: 200W / 소비전력: 550W / [배터리] 리튬이온 / 충전시간: 3시간30분 / 사용시간: 1시간 / [필터] 헤파필터 / 5단계여과 / [기능] 디스플레이표시창 / 프리볼트 / [구성품] 바닥 / 솔형 / 틈새 / 거치대 / [부가] 먼지통용량: 0.5L / 알레르기인증(BAF) / 미세먼지인증(SLG) / 색상: 티탄+그레이 / 무게: 2.64kg / 크기(가로x세로x깊이): 250x1123x215mm / [VCA-SAE90A] 청정스테이션 / 색상: 블랙 / 크기(가로x세로x깊이): 185x600x180mm,654840
삼성전자 제트 VS20T9257SD,핸디/스틱청소기 / 핸디+스틱형 / 무선형 / 흡입+걸레겸용 / [성능] 싸이클론 / 인버터모터 / 흡입력: 200W / 소비전력: 550W / [배터리] 분리형 / 리튬이온 (2개) / 충전시간: 3시간30분 / 사용시간: 2시간 / [필터] 헤파필터 / 5단계여과 / [기능] 디스플레이표시창 / 프리볼트 / [구성품] 바닥 / 물걸레 / 솔형 / 틈새 / 연장툴 / 거치대 / [부가] 먼지통용량: 0.5L / 알레르기인증(BAF) / 미세먼지인증(SLG) / 색상: 티탄+그레이 / 무게: 2.64kg / 크기(가로x세로x깊이): 250x1123x215mm,666600
보쉬 GAS18V-1,핸디/스틱청소기 / 핸디+스틱형 / 무선형 / [성능] 싸이클론에어 / 사용시간: 42분 / [필터] 2단계여과 / [구성품] 바닥 / 틈새 / 연장툴 / [부가] 색상: 블랙 / 무게: 1.3kg,62150
다이슨 V11 토탈클린,핸디/스틱청소기 / 핸디+스틱형 / 무선형 / [성능] 싸이클론 / 흡입력: 185AW / [배터리] 분리형 / 리튬이온 / 충전시간: 4시간30분 / 사용시간: 1시간 / [기능] 디스플레이표시창 / [구성품] 하이토크 / 소프트롤러 / 미니모터 / 솔형 / 더스팅 / 스터번더트 / 틈새 / 긴틈새 / 매트리스 / 연장툴 / 업탑어댑터 / 거치대 / 도킹스테이션 / [부가] 먼지통용량: 0.54L / 색상: 쿠퍼컬러 / 무게: 2.95kg / 크기(가로x세로x깊이): 261x1280x250mm,1399990
삼성전자 제트 VS15R8544S4CW,핸디/스틱청소기 / 핸디+스틱형 / 무선형 / 흡입+걸레겸용 / [성능] 싸이클론 / 인버터모터 / 흡입력: 150W / 소비전력: 410W / [배터리] 리튬이온 / 충전시간: 3시간30분 / 사용시간: 40분 / [필터] 헤파필터 / 5단계여과 / [기능] 디스플레이표시창 / 프리볼트 / [구성품] 바닥 / 침구 / 솔형 / 틈새 / 연장툴 / 거치대 / [부가] 먼지통용량: 0.5L / 알레르기인증(BAF) / 미세먼지인증(SLG) / 색상: 틸바이올렛 / 무게: 2.57kg / 크기(가로x세로x깊이): 250x1123x215mm / [VCA-SAE90B] 청정스테이션 / 색상: 화이트 / 크기(가로x세로x깊이): 185x600x180mm,538990
엔퓨텍 퓨라이트ED,침구청소기 / 핸디형 / 무선형 / 충전시간: 2시간 / 사용시간: 1시간30분 / 용량: 1100mAh / 청소모드: UV살균 / 무게: 0.388kg / 소비전력: 9W / 크기(가로x세로x깊이): 80x530x60mm,148350
삼성전자 제트 VS15R8547S1CW,핸디/스틱청소기 / 핸디+스틱형 / 무선형 / 흡입+걸레겸용 / [성능] 싸이클론 / 인버터모터 / 흡입력: 150W / 소비전력: 410W / [배터리] 리튬이온 / 충전시간: 3시간30분 / 사용시간: 40분 / [필터] 헤파필터 / 5단계여과 / [기능] 디스플레이표시창 / 프리볼트 / [구성품] 바닥 / 물걸레 / 솔형 / 틈새 / 연장툴 / 거치대 / [부가] 먼지통용량: 0.5L / 알레르기인증(BAF) / 미세먼지인증(SLG) / 색상: 틸민트 / 무게: 2.6kg / 크기(가로x세로x깊이): 250x1123x215mm / [VCA-SAE90A] 청정스테이션 / 색상: 화이트 / 크기(가로x세로x깊이): 185x600x180mm,558840
휴스톰 HS-12000W,물걸레청소기 / 스틱형 / 회전식 / 무선형 / 충전시간: 2시간 30분 / 사용시간: 60분 / 배터리: 리튬이온 (2개) / 용량: 2750mAh / LED라이트 / 가구손상방지 / 각도조절 / 셀프스탠딩 / 거치대 / 프리볼트 / 무게: 3.7kg / 색상: 화이트 / 모터과열방지 / 과충전방지 / 오토스토핑 / 패드: 극세사(벨크로형) / 크기(가로x세로x깊이): 410x1020x205mm,257900
삼성전자 제트 VS20T9257SECS,핸디/스틱청소기 / 핸디+스틱형 / 무선형 / 흡입+걸레겸용 / [성능] 싸이클론 / 인버터모터 / 흡입력: 200W / 소비전력: 550W / [배터리] 분리형 / 리튬이온 (2개) / 충전시간: 3시간30분 / 사용시간: 2시간 / [필터] 헤파필터 / 5단계여과 / [기능] 디스플레이표시창 / 프리볼트 / [구성품] 바닥 / 물걸레 / 솔형 / 틈새 / 연장툴 / 거치대 / [부가] 먼지통용량: 0.5L / 알레르기인증(BAF) / 미세먼지인증(SLG) / 색상: 티탄+민트 / 무게: 2.64kg / 크기(가로x세로x깊이): 250x1123x215mm / [VCA-SAE90A] 청정스테이션 / 색상: 블랙 / 크기(가로x세로x깊이): 185x600x180mm,764140
다이슨 V11 플러피+,핸디/스틱청소기 / 핸디+스틱형 / 무선형 / 흡입전용 / [성능] 싸이클론 / 흡입력: 220AW / 소비전력: 545W / [배터리] 분리형 / 리튬이온 / 충전시간: 4시간30분 / 사용시간: 1시간 / [필터] 6단계여과 / [기능] 디스플레이표시창 / [구성품] 소프트롤러 / 미니모터 / 솔형 / 더스팅 / 틈새 / 매트리스 / 연장툴 / 업탑어댑터 / 거치대 / 도킹스테이션 / [부가] 먼지통용량: 0.54L / 색상: 핑크 / 크기(가로x세로x깊이): 261x1261x250mm,825950
DIBEA ALLNEW22000,핸디/스틱청소기 / 핸디+스틱형 / 무선형 / [성능] 싸이클론 / BLDC모터 / 흡입력: 22000Pa / 소비전력: 250W / [배터리] 리튬이온 / 용량: 2200mAh / 충전시간: 4~5시간 / 사용시간: 30분 / [필터] 헤파필터 / H13급 / 4단계여과 / [기능] LED라이트 / 배터리잔량표시 / [구성품] 바닥 / 침구 / 솔형 / 틈새 / 연장툴 / 거치대 / [부가] 먼지통용량: 0.55L / 무게: 2.2kg / 크기(가로x세로x깊이): 240x1040x212mm,173000
다이슨 옴니 글라이드,핸디/스틱청소기 / 핸디+스틱형 / 무선형 / 흡입전용 / [성능] 싸이클론 / 흡입력: 50AW / [배터리] 분리형 / 리튬이온 / 충전시간: 3시간30분 / 사용시간: 20분 / [필터] 5단계여과 / [구성품] 전방향플러피 / 미니모터 / 솔형 / 서페이스 / 연장툴 / 도킹스테이션 / [부가] 먼지통용량: 0.2L / 색상: 퍼플 / 무게: 1.9kg / 크기(가로x세로x깊이): 208x1077x92mm,581160
샤오미 드리미 V10 프로,핸디/스틱청소기 / 핸디+스틱형 / 무선형 / 흡입+걸레겸용 / [성능] 싸이클론 / BLDC모터 / 흡입력: 140AW / 흡입력: 22000Pa / 소비전력: 450W / [배터리] 용량: 2500mAh / 충전시간: 3시간30분 / 사용시간: 1시간 / [필터] 헤파필터 / H12급 / 5단계여과 / [기능] 디스플레이표시창 / [구성품] 바닥 / 침구 / 솔형 / 틈새 / 연장툴 / 거치대 / [부가] 먼지통용량: 0.5L / 색상: 화이트 / 무게: 1.6kg / 크기(가로x세로): 200x1226mm,186850
삼성전자 제트 VS20T9257SDCS,핸디/스틱청소기 / 핸디+스틱형 / 무선형 / 흡입+걸레겸용 / [성능] 싸이클론 / 인버터모터 / 흡입력: 200W / 소비전력: 550W / [배터리] 분리형 / 리튬이온 (2개) / 충전시간: 3시간30분 / 사용시간: 2시간 / [필터] 헤파필터 / 5단계여과 / [기능] 디스플레이표시창 / 프리볼트 / [구성품] 바닥 / 물걸레 / 솔형 / 틈새 / 연장툴 / 거치대 / [부가] 먼지통용량: 0.5L / 알레르기인증(BAF) / 미세먼지인증(SLG) / 색상: 티탄+그레이 / 무게: 2.64kg / 크기(가로x세로x깊이): 250x1123x215mm / [VCA-SAE90A] 청정스테이션 / 색상: 블랙 / 크기(가로x세로x깊이): 185x600x180mm,750790
지웰 벤투스 아쿠아 프로,물걸레청소기 / 스틱형 / 물걸레+진공 / 무선형 / 충전시간: 3~4시간 / 사용시간: 30분 / 배터리: 리튬이온 / 용량: 2200mAh / 물분사 / 셀프스탠딩 / 거치대 / 무게: 3kg / 소비전력: 120W / 오토클리닝,299900
샤오미 디어마 VC20 PLUS,핸디/스틱청소기 / 핸디+스틱형 / 무선형 / 소비전력: 150W / [배터리] 용량: 2200mAh / 충전시간: 4시간30분 / 사용시간: 22분 / [구성품] 바닥 / 솔형 / 틈새 / 연장툴 / [부가] 먼지통용량: 0.6L / 색상: 화이트 / 크기(가로x세로x깊이): 235x1150x175mm,60210
샤오미 디어마 VC01,핸디/스틱청소기 / 스틱형 / 무선형 / 흡입전용 / [성능] 흡입력: 10000Pa / 소비전력: 125W / 용량: 2200mAh / 사용시간: 30분 / [필터] 헤파필터 / H13급 / [기능] 배터리잔량표시 / [구성품] 바닥 / 솔형 / 틈새 / 거치대 / [부가] 먼지통용량: 0.6L / 색상: 화이트 / 무게: 1.6kg / 크기(가로x세로x깊이): 210x1155x180mm,48000
OQadtwhco6,OQadtwhco6312561,312561
샤오미 TROUVER POWER 11,핸디/스틱청소기 / 핸디+스틱형 / 무선형 / 흡입전용 / [성능] 흡입력: 20000Pa / 소비전력: 400W / [배터리] 분리형 / 리튬이온 / 용량: 2500mAh / 충전시간: 4시간 / 사용시간: 1시간 / [필터] 헤파필터 / 5단계여과 / [기능] 디스플레이표시창 / 배터리잔량표시 / [구성품] 바닥 / 카펫 / 솔형 / 틈새 / 거치대 / [부가] 먼지통용량: 0.4L / 색상: 화이트+오렌지 / 무게: 1.45kg / 크기(가로x세로): 227x1227mm,133720
삼성전자 VC-PS86,핸디/스틱청소기 / 핸디+스틱형 / 무선형 / 소비전력: 72W / [배터리] 니켈수소 / 충전시간: 5시간 / 사용시간: 15분 / [기능] 배터리잔량표시 / [부가] 색상: 에어본+내츄럴그레이 / 무게: 1.2kg / 크기(가로x세로x깊이): 119x121x410mm,69880
미켈란젤로 슈퍼파워 프리플러스 V2 ARO-1300BL,핸디/스틱청소기 / 핸디+스틱형 / 무선형 / 소비전력: 200W / [배터리] 리튬이온 / 충전시간: 5~6시간 / 사용시간: 40분 / [필터] 헤파필터 / H13급 / [기능] 배터리잔량표시 / [구성품] 바닥 / 틈새 / 연장툴 / 거치대 / [부가] 먼지통용량: 0.55L / 무게: 1.5kg / 크기(가로x세로x깊이): 250x1120x210mm,195990
블랙앤데커 PV1820BK,핸디/스틱청소기 / 핸디형 / 무선형 / [성능] 싸이클론 / 흡입력: 35AW / [배터리] 리튬이온 / 충전시간: 4시간 / 사용시간: 12분 / [필터] 3단계여과 / [기능] 배터리잔량표시 / 프리볼트 / [구성품] 틈새 / 거치대 / [부가] 색상: 블랙 / 무게: 1.38kg / 피벗노즐 / 크기(가로x세로x깊이): 140x270x170mm,90040
피에스아이 너츠 차량용 무선 청소기 NV-01,"차량용청소기 / 무선 / 흡입력: 6,000Pa / 최대출력: 60W / 추가노즐: 틈새, 솔브러쉬 / LED라이트 / 사용시간: 23~35분 / 배터리용량: 2,500mAh / 크기: 340x88x77mm",41760
유니맥스 UVC-1688,핸디/스틱청소기 / 핸디형 / 무선형 / [성능] 싸이클론 / 소비전력: 25W / [배터리] 니켈카드뮴 / 충전시간: 10~12시간 / [구성품] 카펫 / 솔형 / 틈새 / 거치대 / [부가] 색상: 블루 / 무게: 0.683kg / 크기(가로x세로x깊이): 95x350x105mm,17230
다이슨 V7 플러피,핸디/스틱청소기 / 핸디+스틱형 / 무선형 / 흡입전용 / [성능] 싸이클론 / 흡입력: 100AW / 소비전력: 350W / [배터리] 리튬이온 / 충전시간: 3시간30분 / 사용시간: 30분 / [구성품] 소프트롤러 / 미니모터 / 솔형 / 더스팅 / 틈새 / 도킹스테이션 / [부가] 무게: 2.32kg / 크기(가로x세로x깊이): 250x1243x210mm,398000
일렉트로룩스 WELL Q6 WQ61-1EDB,핸디/스틱청소기 / 핸디+스틱형 / 무선형 / 흡입전용 / [성능] 싸이클론 / [배터리] 리튬이온 / 충전시간: 4시간30분 / 사용시간: 45분 / [필터] 5단계여과 / [기능] 브러쉬자동청소 / 셀프스탠딩 / LED라이트 / 배터리잔량표시 / [구성품] 바닥 / 솔형 / 더스팅 / 긴틈새 / 거치대 / [부가] 먼지통용량: 0.3L / 색상: 데님블루 / 무게: 2.65kg / 크기(가로x세로x깊이): 258x1105x140mm,207590
홈마블 H80,핸디/스틱청소기 / 핸디형 / 무선형 / 흡입전용 / [성능] 싸이클론 / BLDC모터 / 흡입력: 6000Pa / 소비전력: 75W / [배터리] 용량: 2600mAh / 충전시간: 5시간 / 사용시간: 30분 / [필터] 헤파필터 / 5단계여과 / [구성품] 솔형 / 틈새 / 거치대 / [부가] 먼지통용량: 0.5L / 색상: 화이트 / 무게: 0.64kg / 크기(가로x세로x깊이): 65x400x65mm,44820
휴스톰 HS-1000,물걸레청소기 / 스틱형 / 물걸레전용 / 회전식 / 무선형 / 충전시간: 4시간 / 사용시간: 1시간 / 배터리: 리튬이온 / 용량: 2750mAh / 각도조절 / 프리볼트 / 무게: 1.6kg / 색상: 블랙 / 과충전방지 / 오토스토핑 / 패드: 극세사(벨크로형) / 크기(가로x세로x깊이): 290x1070x140mm,98000
블랙앤데커 TPD1810BGEXT,핸디/스틱청소기 / 핸디+스틱형 / 무선형 / [성능] 싸이클론 / [배터리] 리튬이온 / 충전시간: 4시간 / 사용시간: 13분29초 / [필터] 2단계여과 / [기능] 프리볼트 / [구성품] 바닥 / 틈새 / 연장툴 / 거치대 / [부가] 먼지통용량: 0.56L / 색상: 블랙 / 무게: 1.47kg / 크기(가로x세로x깊이): 130x235x150mm,89890
보쉬 GAS18V-10L,업소용청소기 / 건습식 / 무선형 / 헤파필터 / 싸이클론에어 / 먼지통 / 탱크용량: 10L / 연장관 / 색상: 네이비 / 브러쉬: 칼형 / 사용시간: 24분,95860
삼성전자 제트 VS20R9043QA,핸디/스틱청소기 / 핸디+스틱형 / 무선형 / [성능] 싸이클론 / 인버터모터 / 흡입력: 200W / 소비전력: 550W / [배터리] 분리형 / 리튬이온 / 충전시간: 3시간30분 / 사용시간: 1시간 / [필터] 헤파필터 / 5단계여과 / [기능] 디스플레이표시창 / 프리볼트 / [구성품] 바닥 / 솔형 / 틈새 / 거치대 / [부가] 먼지통용량: 0.5L / 알레르기인증(BAF) / 미세먼지인증(SLG) / 색상: 실버+핑크 / 무게: 2.7kg / 크기(가로x세로x깊이): 250x1136x215mm,558220
일렉트로룩스 PURE F9 PF91-5EBF,핸디/스틱청소기 / 스틱형 / 무선형 / 흡입전용 / [배터리] 리튬이온 / 충전시간: 6시간 / 사용시간: 55분 / [필터] 5단계여과 / [기능] 먼지감지센서 / 셀프스탠딩 / LED라이트 / 배터리잔량표시 / [구성품] 바닥 / 침구 / 더스팅 / 3in1 / 업탑어댑터 / 거치대 / [부가] 먼지통용량: 0.7L / 알레르기인증(BAF) / 색상: 인디고블루 / 무게: 4.1kg / 플렉스리프트 / 크기(가로x세로x깊이): 215x1200x249mm,255540
신일전자 SVC-2326W,핸디/스틱청소기 / 핸디형 / 무선형 / 흡입전용 / [성능] DC모터 / 소비전력: 45W / [배터리] 용량: 1500mAh / 충전시간: 8시간 / 사용시간: 9분 / [구성품] 틈새 / 거치대 / [부가] 색상: 화이트 / 크기(가로x세로x깊이): 90x425x95mm,35880
비셀 크로스웨이브 2582S,물걸레청소기 / 스틱형 / 물걸레+진공 / 무선형 / 싸이클론 / 충전시간: 4시간 / 사용시간: 30분 / 배터리: 리튬이온 / 물통용량: 0.82L / 거치대 / 무게: 4.9kg / 소비전력: 250W / 색상: 실버+블루 / 오토클리닝 / 크기(가로x세로x깊이): 309x1155x307mm,697360
DIBEA PLA25,핸디/스틱청소기 / 핸디+스틱형 / 무선형 / 흡입+걸레겸용 / [성능] 싸이클론 / BLDC모터 / 흡입력: 25000Pa / 소비전력: 400W / [배터리] 분리형 / 리튬이온 / 용량: 2000mAh / 충전시간: 3시간 / 사용시간: 50분 / [필터] 헤파필터 / H13급 / [기능] LED라이트 / [구성품] 바닥 / 물걸레 / 침구 / 솔형 / 틈새 / 연장툴 / 거치대 / [부가] 먼지통용량: 0.5L / 색상: 로즈골드 / 무게: 2.5kg / 크기(가로x세로x깊이): 256x1172x217mm,199000
일렉트로룩스 PURE F9 PF91-5OGF,핸디/스틱청소기 / 스틱형 / 무선형 / 흡입전용 / [배터리] 리튬이온 / 충전시간: 6시간 / 사용시간: 55분 / [필터] 5단계여과 / [기능] 셀프스탠딩 / LED라이트 / 배터리잔량표시 / [구성품] 바닥 / 3in1 / 거치대 / [부가] 먼지통용량: 0.7L / 알레르기인증(BAF) / 색상: 아이언그레이 / 무게: 4.1kg / 플렉스리프트 / 크기(가로x세로x깊이): 215x1200x249mm,297660
일렉트로룩스 에르고라피도 클래식 ZB3501EB,핸디/스틱청소기 / 핸디+스틱형 / 무선형 / 흡입전용 / [배터리] 리튬이온 / 충전시간: 4시간 / 사용시간: 30분 / [필터] 4단계여과 / [기능] 브러쉬자동청소 / 셀프스탠딩 / LED라이트 / 배터리잔량표시 / [구성품] 바닥 / 틈새 / 거치대 / [부가] 먼지통용량: 0.42L / 색상: 에보니블랙 / 무게: 2.45kg / 크기(가로x세로x깊이): 299x689x165mm,134140
샤오미 드리미 T20,핸디/스틱청소기 / 핸디+스틱형 / 무선형 / 흡입+걸레겸용 / [성능] 싸이클론 / BLDC모터 / 흡입력: 150AW / 흡입력: 25000Pa / 소비전력: 450W / [배터리] 분리형 / 용량: 2800mAh / 충전시간: 4시간 / 사용시간: 1시간10분 / [필터] 헤파필터 / H12급 / 5단계여과 / [구성품] 바닥 / 물걸레 / 침구 / 솔형 / 틈새 / 연장툴 / 거치대 / [부가] 먼지통용량: 0.6L / 물통용량: 0.25L / 색상: 레드 / 무게: 1.67kg / 크기(가로x세로x깊이): 259x1191x164mm,358950
일렉트로룩스 WELL Q6 WQ61-1EDBF,핸디/스틱청소기 / 핸디+스틱형 / 무선형 / 흡입전용 / [성능] 싸이클론 / [배터리] 리튬이온 / 충전시간: 4시간30분 / 사용시간: 45분 / [필터] 5단계여과 / [기능] 셀프스탠딩 / LED라이트 / 배터리잔량표시 / [구성품] 바닥 / 솔형 / 긴틈새 / 거치대 / [부가] 먼지통용량: 0.3L / 색상: 데님블루 / 무게: 2.65kg / 크기(가로x세로x깊이): 258x1105x140mm,230000
아이닉 i20,핸디/스틱청소기 / 핸디+스틱형 / 무선형 / 흡입전용 / [성능] 흡입력: 25000Pa / 소비전력: 350W / [배터리] 분리형 / 리튬이온 / 용량: 2450mAh / 충전시간: 5시간 / 사용시간: 50분 / [필터] 헤파필터 / H13급 / [구성품] 바닥 / [부가] 먼지통용량: 0.5L / 색상: 블랙 / 무게: 2.5kg / 크기(가로x세로x깊이): 241x1144x211mm,238000
다이슨 V10 플러피 프로,핸디/스틱청소기 / 핸디+스틱형 / 무선형 / 흡입전용 / [성능] 싸이클론 / 소비전력: 525W / [배터리] 리튬이온 / 충전시간: 3시간30분 / 사용시간: 1시간 / [구성품] 소프트롤러 / 미니모터 / 솔형 / 더스팅 / 스터번더트 / 틈새 / 매트리스 / 연장툴 / 업탑어댑터 / 도킹스테이션 / [부가] 먼지통용량: 0.5L / 색상: 레드 / 무게: 2.5kg / 크기(가로x세로x깊이): 250x1241x256mm,551080
일렉트로룩스 ZB6106,핸디/스틱청소기 / 핸디형 / 무선형 / 흡입전용 / [성능] 싸이클론 / [배터리] 리튬이온 / 충전시간: 4시간 / 사용시간: 14분 / [필터] 3단계여과 / [부가] 먼지통용량: 0.5L / 색상: 워터멜론레드메탈릭 / 무게: 1.1kg / 5단계각도조절 / 바퀴 / 크기(가로x세로x깊이): 410x137x124mm,47970
샤오미 로이드미 Z1 Air,핸디/스틱청소기 / 핸디+스틱형 / 무선형 / 흡입전용 / [성능] 싸이클론 / BLDC모터 / 흡입력: 110AW / 흡입력: 22000Pa / 소비전력: 335W / [배터리] 내장형 / 리튬이온 / 용량: 2500mAh / 충전시간: 3시간 / 사용시간: 1시간 / [필터] 헤파필터 / 7단계여과 / [기능] 프리볼트 / [구성품] 바닥 / 틈새 / 연장툴 / 거치대 / [부가] 먼지통용량: 0.65L / 색상: 화이트 / 무게: 2.7kg / 크기(가로x세로x깊이): 259x1191x221mm,227810
마끼다 DCL180Z,핸디/스틱청소기 / 핸디+스틱형 / 무선형 / [성능] 흡입력: 30W / [배터리] 분리형 / 리튬이온 / 사용시간: 20분 / [부가] 먼지통용량: 0.65L / 색상: 블루 / 무게: 1.2kg,36480
블랙앤데커 DVC320B24,핸디/스틱청소기 / 핸디형 / 무선형 / 흡입전용 / [성능] BLDC모터 / 흡입력: 35AW / [배터리] 리튬이온 / 충전시간: 4시간 / 사용시간: 25분 / [기능] 프리볼트 / [구성품] 솔형 / 틈새 / 거치대 / [부가] 먼지통용량: 0.12L / 색상: 로즈골드 / 무게: 1.25kg,126490
밀워키 M18 FBPV-0G0,"업소용청소기 / 건식 / 무선형 / 헤파필터 / 싸이클론 / 먼지통용량: 3.8L / 색상: 레드 / 브러쉬: 바닥, 틈새, 호스, 연장관",336780
OPOLAR 무선 에어 전동 청소기 CD01C (해외구매),"차량용청소기 / 무선 / 최대출력: 40W / 사용시간: 30분 / 40,000RPM / 배터리용량: 6,000mAH / 소음: 80dB / 충전시간: 3시간 / 크기: 48x79x180mm / 무게: 300g / 색상: 블랙, 블루",52700
ABKO 오엘라 차량용 무선청소기 3in1 CV01,"차량용청소기 / 무선 / 흡입력: 5,500Pa / 최대출력: 74W / 추가노즐: 틈새, 솔브러쉬 / LED라이트 / 사용시간: 20분 / 집진필터 / 배터리용량: 5,000mAH / 충전시간: 3.5시간 / 소음: 72dB / 보조배터리겸용",98010
아이코넬 VC-K300W,"핸디/스틱청소기 / 핸디+스틱형 / 무선형 / 흡입전용 / [성능] 싸이클론 / BLDC모터 / 흡입력: 100AW / 흡입력: 22000Pa / 소비전력: 300W / [배터리] 분리형 / 리튬이온 / 용량: 2200mAh / 충전시간: 4~5시간 / 사용시간: 40분 / [필터] 헤파필터 / 5단계여과 / [구성품] 바닥 / 솔형 / 틈새 / 연장툴 / 거치대 / [부가] 먼지통용량: 0.8L / 색상: 화이트, 블랙 / 무게: 1.45kg / 크기(가로x세로x깊이): 240x1160x112mm",79000
툴앤툴 네오스틱 T400W,핸디/스틱청소기 / 핸디+스틱형 / 무선형 / 흡입+걸레겸용 / [성능] 싸이클론 / BLDC모터 / 소비전력: 400W / [배터리] 리튬이온 / 용량: 2000mAh / 충전시간: 2시간30분 / 사용시간: 40분 / [필터] 헤파필터 / H14급 / [기능] LED라이트 / 프리볼트 / [구성품] 바닥 / 물걸레 / 틈새 / 거치대 / [부가] 먼지통용량: 0.8L / 색상: 화이트 / 무게: 1.5kg / 크기(가로x세로x깊이): 410x805x165mm,159000
톰슨 ESR-BH610,"핸디/스틱청소기 / 핸디형 / 무선형 / 흡입전용 / [성능] BLDC모터 / 흡입력: 15000Pa / 소비전력: 90W / [배터리] 리튬이온 / 용량: 2000mAh / 충전시간: 3시간30분 / 사용시간: 25분 / [필터] 헤파필터 / H14급 / [구성품] 바닥 / 솔형 / 틈새 / 패브릭 / 거치대 / [부가] 색상: 화이트, 레드, 그린 / 무게: 0.594kg / 크기(가로x세로x깊이): 237x1056x94mm",83290
일럭스고 SVC-1019L,"핸디/스틱청소기 / 핸디+스틱형 / 무선형 / 흡입전용 / [성능] 싸이클론 / 흡입력: 4500Pa / 소비전력: 80W / [배터리] 리튬이온 / 용량: 2000mAh / 충전시간: 2시간30분 / 사용시간: 20분 / [필터] 헤파필터 / 5단계여과 / [구성품] 바닥 / 침구 / 틈새 / 연장툴 / 거치대 / [부가] 색상: 블랙, 화이트 / 무게: 0.8kg",68990
오토모 ATM-H100,"핸디/스틱청소기 / 핸디형 / 무선형 / 흡입전용 / 소비전력: 70W / [배터리] 리튬이온 / 용량: 2200mAh / [필터] 2단계여과 / [구성품] 솔형 / [부가] 먼지통용량: 0.12L / 색상: 화이트, 블랙 / 무게: 0.6kg",52200
로엘 듀스핀2,물걸레청소기 / 스틱형 / 회전식 / 무선형 / 충전시간: 3~4시간 / 사용시간: 5시간 / 배터리: 리튬이온 / 각도조절 / 셀프스탠딩 / 무게: 1.08kg / 패드: 극세사(벨크로형) / 크기(가로x세로x깊이): 290x1250x135mm,59800
엔퓨텍 퓨라이트에어XD,침구청소기 / 핸디형 / 무선형 / 충전시간: 2시간 / 사용시간: 1시간30분 / 용량: 1100mAh / 청소모드: UV살균 / 무게: 0.453kg / 소비전력: 9W / 크기(가로x세로x깊이): 80x530x60mm,248220
일렉트로룩스 에르고라피도 ZB3311AK,핸디/스틱청소기 / 핸디+스틱형 / 무선형 / 흡입전용 / [성능] 싸이클론 / [배터리] 리튬이온 / 충전시간: 4시간 / 사용시간: 48분 / [필터] 4단계여과 / [기능] 브러쉬자동청소 / 셀프스탠딩 / LED라이트 / 배터리잔량표시 / [구성품] 바닥 / 침구 / 틈새 / 긴틈새 / 패브릭 / 연장툴 / 거치대 / [부가] 먼지통용량: 0.42L / 알레르기인증(BAF) / 색상: 타이탄블루 / 무게: 3.01kg / 크기(가로x세로x깊이): 303x690x162mm,192250
vzYrEWAzRF,vzYrEWAzRF264503,264503
DIBEA X20,핸디/스틱청소기 / 핸디+스틱형 / 무선형 / 흡입+걸레겸용 / [성능] BLDC모터 / 흡입력: 20000Pa / 소비전력: 200W / [배터리] 리튬이온 / 용량: 2600mAh / 충전시간: 4시간40분 / 사용시간: 50분 / [필터] 헤파필터 / H13급 / [기능] LED라이트 / [구성품] 바닥 / 물걸레 / 침구 / 솔형 / 틈새 / 연장툴 / 거치대 / [부가] 먼지통용량: 0.36L / 물통용량: 0.25L / 무게: 0.93kg / 물분사 / 크기(가로x세로x깊이): 240x1040x211mm,239000
LG전자 코드제로 A9 A9200I,핸디/스틱청소기 / 핸디+스틱형 / 무선형 / 흡입+걸레겸용 / [성능] 2중터보싸이클론 / 인버터모터 / 소비전력: 450W / [배터리] 분리형 / 리튬이온 / 충전시간: 3시간30분 / 사용시간: 40분 / [필터] 헤파필터 / H13급 / 5단계여과 / [구성품] 바닥 / 솔형 / 틈새 / 거치대 / [부가] 알레르기인증(BAF) / 미세먼지인증(SLG) / 색상: 아이언그레이 / 크기(가로x세로x깊이): 250x1120x260mm,611130
다이슨 V10 플러피 오리진,핸디/스틱청소기 / 핸디+스틱형 / 무선형 / 흡입전용 / [성능] 싸이클론 / 흡입력: 151AW / [배터리] 충전시간: 3시간30분 / 사용시간: 1시간 / [구성품] 소프트롤러 / 미니모터 / 솔형 / 더스팅 / 틈새 / 도킹스테이션 / [부가] 먼지통용량: 0.5L / 색상: 레드 / 무게: 2.5kg / 크기(가로x세로x깊이): 256x1241x250mm,575220
일렉트로룩스 PURE Q9 PQ92-3EMF,핸디/스틱청소기 / 핸디+스틱형 / 무선형 / 흡입전용 / [성능] 싸이클론 / [배터리] 리튬이온 / 충전시간: 4시간 / 사용시간: 53분 / [필터] 5단계여과 / [기능] 셀프스탠딩 / LED라이트 / [구성품] 바닥 / 솔형 / 틈새 / 긴틈새 / 거치대 / [부가] 먼지통용량: 0.3L / 색상: 마호가니브론즈 / 무게: 2.89kg / 크기(가로x세로x깊이): 256x1097x155mm,374060
로엘 듀스핀,물걸레청소기 / 스틱형 / 회전식 / 무선형 / 충전시간: 3~4시간 / 사용시간: 4시간 / 배터리: 리튬이온 / 각도조절 / 셀프스탠딩 / 무게: 0.98kg / 패드: 극세사(벨크로형) / 크기(가로x세로x깊이): 290x1050x135mm,59800
유행코리아 더쎈 차량용 무선 청소기 V2,"차량용청소기 / 무선 / 흡입력: 6500Pa / 추가노즐: 솔브러쉬, 연장호스 / 사용시간: 30분 / 무게 : 1,040g",70280
웍스 WG630E,"업소용청소기 / 고압세척기 / 무선형 / BLDC모터 / 충전시간: 1시간15분 / 사용시간: 24분 / 용량: 2500mAh / 연장관 / 작동압력: 25bar / 무게: 2.5kg / 색상: 오렌지 / 배터리잔량표시 / 브러쉬: 회오리노즐, 하부세척커넥터, 호스 / 크기(가로x세로x깊이): 92x12x22mm",169500
LG전자 코드제로 A9 A9309P,핸디/스틱청소기 / 핸디+스틱형 / 무선형 / [성능] 2중터보싸이클론 / 인버터모터 / 흡입력: 140W / 소비전력: 450W / [배터리] 분리형 / 리튬이온 / 충전시간: 3시간30분 / 사용시간: 40분 / [필터] 헤파필터 / H13급 / 5단계여과 / [구성품] 바닥 / 솔형 / 굳은먼지 / 틈새 / 매트리스 / 거치대 / [부가] 알레르기인증(BAF) / 미세먼지인증(SLG) / 색상: 블라썸핑크 / 무게: 2.7kg / 크기(가로x세로x깊이): 260x1120x270mm,716550
삼성전자 제트 VS15R8544S4,핸디/스틱청소기 / 핸디+스틱형 / 무선형 / 흡입+걸레겸용 / [성능] 싸이클론 / 인버터모터 / 흡입력: 150W / 소비전력: 410W / [배터리] 리튬이온 / 충전시간: 3시간30분 / 사용시간: 40분 / [필터] 헤파필터 / 5단계여과 / [기능] 디스플레이표시창 / 프리볼트 / [구성품] 바닥 / 침구 / 솔형 / 틈새 / 연장툴 / 거치대 / [부가] 먼지통용량: 0.5L / 색상: 틸바이올렛 / 무게: 2.57kg / 크기(가로x세로x깊이): 250x1123x215mm,462000
캐치웰 차량용 핸디 텀블러 청소기 THC1000,"차량용청소기 / 무선 / 흡입력: 8,000Pa / 최대출력: 75W / 헤파필터 / 스테인리스 필터 / 추가노즐: 틈새, 솔브러쉬, 연장호스 / 싸이클론 / 사용시간: 20~28분 / 충전시간: 4시간 / 무게: 580g / 색상: 그레이, 화이트, 블랙",44910
삼성전자 제트 VS20T9279S6CS,핸디/스틱청소기 / 핸디+스틱형 / 무선형 / 흡입+걸레겸용 / [성능] 싸이클론 / 인버터모터 / 흡입력: 200W / 소비전력: 550W / [배터리] 분리형 / 리튬이온 (2개) / 충전시간: 3시간30분 / 사용시간: 2시간 / [필터] 헤파필터 / 5단계여과 / [기능] 디스플레이표시창 / 프리볼트 / [구성품] 바닥 / 물걸레 / 펫 / 솔형 / 틈새 / 연장툴 / 거치대 / [부가] 먼지통용량: 0.5L / 미세먼지인증(SLG) / 색상: 티탄+블루 / 크기(가로x세로x깊이): 250x1136x215mm / [VCA-SAE90A] 청정스테이션 / 색상: 블랙 / 크기(가로x세로x깊이): 185x600x180mm,830890
샤오미 SWDK-DK600se,물걸레청소기 / 스틱형 / 물걸레+진공 / 왕복식 / 무선형 / 흡입력: 3700Pa / 헤파필터 / 충전시간: 3시간 / 사용시간: 1시간10분 / 배터리: 리튬이온 / 용량: 2000mAh / 물통용량: 0.16L / 먼지통용량: 0.18L / 물분사 / LED라이트 / 무게: 3.8kg / 색상: 화이트 / 패드: 극세사(벨크로형) / 배터리잔량표시 / 크기(가로x세로x깊이): 300x1180x300mm,132720
마끼다 CL100DZ,핸디/스틱청소기 / 핸디형 / 무선형 / [배터리] 분리형 / 리튬이온 / 사용시간: 12분 / [부가] 색상: 화이트 / 무게: 0.9kg,30690
삼성전자 제트 VS15R8543S1,핸디/스틱청소기 / 핸디+스틱형 / 무선형 / 흡입+걸레겸용 / [성능] 싸이클론 / 인버터모터 / 흡입력: 150W / 소비전력: 410W / [배터리] 리튬이온 / 충전시간: 3시간30분 / 사용시간: 40분 / [필터] 헤파필터 / 5단계여과 / [기능] 디스플레이표시창 / 프리볼트 / [구성품] 바닥 / 솔형 / 틈새 / 연장툴 / 거치대 / [부가] 먼지통용량: 0.5L / 알레르기인증(BAF) / 미세먼지인증(SLG) / 색상: 틸민트 / 무게: 2.57kg / 크기(가로x세로x깊이): 250x1123x215mm,467000
DIBEA M500 클래스,"핸디/스틱청소기 / 핸디+스틱형 / 무선형 / 흡입+걸레겸용 / [성능] 싸이클론 / BLDC모터 / 흡입력: 20000Pa / 소비전력: 160W / [배터리] 리튬이온 / 용량: 2200mAh / 충전시간: 4시간 / 사용시간: 50분 / [필터] 헤파필터 / H13급 / [기능] LED라이트 / 배터리잔량표시 / [구성품] 바닥 / 물걸레 / 침구 / 솔형 / 틈새 / 패브릭 / 거치대 / [부가] 먼지통용량: 0.32L / 색상: 화이트, 블랙 / 무게: 2.12kg / 크기(가로x세로x깊이): 245x1120x160mm",239000
다이슨 디지털 슬림 플러피,핸디/스틱청소기 / 핸디+스틱형 / 무선형 / 흡입전용 / [성능] 싸이클론 / 흡입력: 100AW / [배터리] 분리형 / 충전시간: 3시간30분 / 사용시간: 40분 / [필터] 5단계여과 / [기능] 디스플레이표시창 / [구성품] 슬림소프트롤러 / 미니모터 / 솔형 / 틈새 / 도킹스테이션 / [부가] 먼지통용량: 0.3L / 색상: 퍼플 / 무게: 1.9kg / 크기(가로x세로x깊이): 250x1100x250mm,643070
LG전자 코드제로 이지스틱 S739VA,핸디/스틱청소기 / 핸디+스틱형 / 무선형 / 흡입전용 / [성능] 인버터모터 / 소비전력: 190W / [배터리] 사용시간: 20분 / [기능] LED라이트 / [구성품] 바닥 / 굳은먼지 / 틈새 / 매트리스 / [부가] 색상: 빈티지와인 / 크기(가로x세로x깊이): 270x1105x190mm,333000
신일전자 SVC-S500YT,핸디/스틱청소기 / 핸디형 / 무선형 / [성능] 싸이클론 / 흡입력: 60W / [배터리] 충전시간: 8시간 / 사용시간: 9분 / [구성품] 바닥 / 틈새 / 연장툴 / 거치대 / [부가] 색상: 레드+블랙 / 크기(가로x세로x깊이): 400x138x200mm,34410
에코백스 디봇 오즈모 T8 AIVI,"로봇청소기 / 흡입+걸레 / [센서] 카메라1개 / 장애물인식센서 / 추락방지센서 / [성능] 흡입력: 1500Pa / 용량: 5200mAh / 충전시간: 6시간30분 / 사용시간: 3시간 / 헤파필터 / 3단계여과 / 소음: 67dB / 소비전력: 40W / [기능] 스마트폰제어: 간편업데이트, 금지구역, 원격예약 / 바닥마스터 / 자동충전 / 음성안내 / [부가] 먼지통용량: 0.42L / 물통용량: 0.24L / 색상: 블랙 / 무게: 4.6kg / 무선형 / dToF센서 / 크기(가로x세로x깊이): 353x93.6x353mm",499000
삼성전자 제트 VS15R8577S5CW,핸디/스틱청소기 / 핸디+스틱형 / 무선형 / 흡입+걸레겸용 / [성능] 싸이클론 / 인버터모터 / 흡입력: 150W / 소비전력: 410W / [배터리] 분리형 / 리튬이온 (2개) / 충전시간: 3시간30분 / 사용시간: 1시간20분 / [필터] 헤파필터 / 5단계여과 / [기능] 디스플레이표시창 / 프리볼트 / [구성품] 바닥 / 물걸레 / 솔형 / 틈새 / 거치대 / [부가] 먼지통용량: 0.5L / 알레르기인증(BAF) / 미세먼지인증(SLG) / 색상: 틸실버 / 무게: 2.57kg / 크기(가로x세로x깊이): 250x1123x215mm / [VCA-SAE90B] 청정스테이션 / 색상: 화이트 / 크기(가로x세로x깊이): 185x600x180mm,662440
아이룸 D10,핸디/스틱청소기 / 핸디+스틱형 / 무선형 / [성능] 싸이클론 / 흡입력: 25W / 소비전력: 180W / [배터리] 분리형 / 리튬이온 / 용량: 2200mAh / 충전시간: 4시간 / 사용시간: 35분 / [필터] 헤파필터 / 3단계여과 / [기능] LED라이트 / [구성품] 바닥 / 침구 / 솔형 / 틈새 / 연장툴 / 거치대 / [부가] 무게: 1.9kg,124000
삼성전자 제트 VS20R9044SB,핸디/스틱청소기 / 핸디+스틱형 / 무선형 / [성능] 싸이클론 / 인버터모터 / 흡입력: 200W / 소비전력: 550W / [배터리] 리튬이온 / 충전시간: 3시간30분 / 사용시간: 1시간 / [필터] 헤파필터 / 5단계여과 / [기능] 디스플레이표시창 / 프리볼트 / [구성품] 바닥 / 침구 / 솔형 / 틈새 / 연장툴 / 거치대 / [부가] 먼지통용량: 0.5L / 알레르기인증(BAF) / 미세먼지인증(SLG) / 색상: 실버+블루 / 무게: 2.7kg / 크기(가로x세로x깊이): 250x1136x215mm,595730
테팔 에어포스 라이트 TY6545KL,핸디/스틱청소기 / 스틱형 / 무선형 / [성능] 싸이클론 / [배터리] 리튬이온 / 충전시간: 5시간 / 사용시간: 30분 / [필터] 헤파필터 / [기능] 셀프스탠딩 / LED라이트 / 배터리잔량표시 / [부가] 색상: 블랙 / 무게: 2.31kg / 크기(가로x세로x깊이): 260x1092x220 mm,92070
SAND FUTURE QC250,"업소용청소기 / 고압세척기 / 무선형 / 연장관 / 작동압력: 25bar / 소비전력: 250W / 무게: 1.4kg / 색상: 옐로우 / 브러쉬 : 4in1, 세제분사, 호스",110440
블랙앤데커 EBHHV320B02,핸디/스틱청소기 / 핸디형 / 무선형 / 흡입전용 / [성능] 흡입력: 26AW / [배터리] 내장형 / 리튬이온 / 충전시간: 5시간 / 사용시간: 18분 / [필터] 2단계여과 / [기능] 배터리잔량표시 / 프리볼트 / [구성품] 틈새 / 거치대 / [부가] 먼지통용량: 0.7L / 색상: 블루 / 무게: 1kg,76480
신일전자 SVC-DC2200SK,핸디/스틱청소기 / 핸디+스틱형 / 무선형 / [배터리] 충전시간: 4~5시간 / 사용시간: 35분 / [필터] 헤파필터 / [기능] 프리볼트 / [구성품] 바닥 / 솔형 / 틈새 / 연장툴 / [부가] 먼지통용량: 0.5L / 무게: 1.5kg / 크기(가로x세로x깊이): 230x1040x210mm,103000
신일전자 SVC-D450WS,진공청소기 / 무선형 / [성능] 헤파필터 / 먼지통 / 먼지통용량: 1.2L / [구성품] 브러쉬: 플로어 / 보조브러쉬: 틈새 / [부가] 무게: 4.1kg / 충전시간: 3~5시간 / 사용시간: 50분 / 프리볼트 / 크기(가로x세로x깊이): 376x292x259mm,164670
쿠쿠전자 인스퓨어 파워클론 CVC-A1410UG,핸디/스틱청소기 / 핸디+스틱형 / 무선형 / 흡입전용 / [성능] 싸이클론 / BLDC모터 / 흡입력: 140AW / 흡입력: 23000Pa / 소비전력: 420W / [배터리] 분리형 / 리튬이온 / 사용시간: 35분 / [필터] 헤파필터 / H13급 / 5단계여과 / [기능] 먼지감지센서 / 배터리잔량표시 / [구성품] 바닥 / 침구 / 솔형 / 틈새 / 연장툴 / 거치대 / [부가] 색상: 어반그레이 / 무게: 1.82kg / 크기(가로x세로x깊이): 250x1200x230mm,339000
델로라 V11 파워 300W,"핸디/스틱청소기 / 핸디+스틱형 / 무선형 / 흡입전용 / [성능] 싸이클론 / BLDC모터 / 흡입력: 22000Pa / 소비전력: 300W / [배터리] 분리형 / 리튬이온 / 용량: 2500mAh / 충전시간: 5시간 / 사용시간: 1시간10분 / [필터] 헤파필터 / 4단계여과 / [기능] LED라이트 / [구성품] 바닥 / 침구 / 솔형 / 틈새 / 연장툴 / 거치대 / [부가] 먼지통용량: 0.6L / 색상: 레드, 블랙 / 무게: 3.89kg / 크기(가로x세로x깊이): 239x1255x105mm",128580
샤오미 CLEANFLY 차량용 무선 청소기 (해외구매),"차량용청소기 / 무선 / 흡입력: 5,000Pa / 최대출력: 80W / 헤파필터 / 추가노즐: 틈새, 솔브러쉬 / LED라이트 / 사용시간: 13분 / 충전방식: 시거잭 / 충전시간: 1시간30분 / 크기: 298x70mm / 무게: 560g",27120
샤오미 드리미 V9P,핸디/스틱청소기 / 핸디+스틱형 / 무선형 / [성능] 멀티싸이클론 / BLDC모터 / 흡입력: 120AW / 흡입력: 20000Pa / 소비전력: 400W / [배터리] 리튬이온 / 용량: 2500mAh / 충전시간: 3시간30분 / 사용시간: 1시간 / [필터] 헤파필터 / 5단계여과 / [구성품] 바닥 / 침구 / 솔형 / 틈새 / 연장툴 / 거치대 / [부가] 먼지통용량: 0.5L / 색상: 화이트 / 무게: 1.5kg / 크기(가로x세로): 258x1226mm,160080
비바 2017-SC01,"욕실청소기 / 스틱형 / 무선형 / [배터리] 사용시간: 60분 / [기능] 프리볼트 / [구성품] 연장툴 / [부가] 색상: 화이트 / 무게: 1.5kg / 브러쉬: 돔형, 모서리, 평면, 연장관",27230
일렉트로룩스 라피도 ZB5106,핸디/스틱청소기 / 핸디형 / 무선형 / 흡입전용 / [성능] 싸이클론 / [배터리] 니켈수소 / 충전시간: 16시간 / 사용시간: 11분 / [필터] 3단계여과 / [부가] 먼지통용량: 0.5L / 색상: 폴라블루메탈릭 / 무게: 1.1kg / 5단계각도조절 / 바퀴 / 크기(가로x세로x깊이): 410x137x124mm,47360
듀플렉스 DP-485VC,핸디/스틱청소기 / 핸디형 / 무선형 / 소비전력: 35W / [필터] 2단계여과 / [구성품] 솔형 / 틈새 / [부가] 색상: 화이트+블루 / 무게: 1.5kg / 크기(가로x세로x깊이): 100x360x100mm,20600
DIBEA M500 퀀텀,핸디/스틱청소기 / 핸디+스틱형 / 무선형 / 흡입+걸레겸용 / [성능] BLDC모터 / 흡입력: 25000Pa / 소비전력: 400W / [배터리] 분리형 / 리튬이온 / 용량: 2000mAh / 충전시간: 3시간 / 사용시간: 50분 / [기능] LED라이트 / [구성품] 바닥 / 물걸레 / 솔형 / 틈새 / 연장툴 / 거치대 / [부가] 먼지통용량: 0.5L / 색상: 블랙 / 무게: 2.5kg / 크기(가로x세로x깊이): 256x1172x217mm,236600
에이스전자 AVG-LC9600BT,핸디/스틱청소기 / 핸디+스틱형 / 무선형 / 흡입전용 / [성능] 싸이클론 / 인버터모터 / 흡입력: 21000Pa / 소비전력: 300W / [배터리] 분리형 / 리튬이온 / 용량: 2400mAh / [필터] 헤파필터 / 4단계여과 / [기능] LED라이트 / 프리볼트 / [구성품] 바닥 / 솔형 / 틈새 / 연장툴 / 거치대 / [부가] 무게: 2.9kg / 크기(가로x세로x깊이): 240x1120x230mm,137010
카처 FC5 코드리스,물걸레청소기 / 스틱형 / 물걸레+진공 / 회전식 / 무선형 / 충전시간: 4시간 / 사용시간: 20분 / 배터리: 리튬이온 / 물통용량: 0.4L / 배터리잔량표시 / 무게: 4.4kg / 색상: 옐로우 / 셀프크리닝 / 크기(가로x세로x깊이): 320x1220x270mm,468000
퍼피유 T12R,핸디/스틱청소기 / 핸디+스틱형 / 무선형 / 흡입전용 / [성능] 싸이클론 / BLDC모터 / 흡입력: 200AW / 흡입력: 29000Pa / 소비전력: 535W / [배터리] 리튬이온 / 용량: 2500mAh / 충전시간: 3시간30분 / 사용시간: 1시간 / [필터] 헤파필터 / H13급 / 6단계여과 / [기능] 먼지감지센서 / LED라이트 / 배터리잔량표시 / [구성품] 바닥 / 침구 / 솔형 / 틈새 / 연장툴 / 거치대 / [부가] 먼지통용량: 0.42L / 색상: 실버 / 무게: 1.6kg / 크기(가로x세로x깊이): 278x1248x225mm,326970
보만 VC7210,핸디/스틱청소기 / 핸디+스틱형 / 무선형 / [배터리] 충전시간: 10시간 / 사용시간: 10~15분 / [필터] 헤파필터 / [구성품] 바닥 / 틈새 / 연장툴 / [부가] 색상: 블랙+오렌지 / 무게: 0.8kg / 크기(가로x세로x깊이): 145x440x115mm,36400
1aHCyhLSJa,1aHCyhLSJa738820,738820
웍스 휴대용 차량용 충전 청소기 본체 WX030.9,"차량용청소기 / 무선 / 흡입력: 10,000Pa / 최대출력: 180W / 3중필터 / 추가노즐: 틈새, 솔브러쉬 / 베어툴사양 / 2단 속도 조절 / 플렉시블 튜브 / 크기: 150x182x218mm / 무게: 1,400g",63170
한샘 스톰건 V12 VC-R201,핸디/스틱청소기 / 핸디+스틱형 / 무선형 / [성능] 싸이클론 / BLDC모터 / 흡입력: 20000Pa / [배터리] 리튬이온 / 용량: 2000mAh / 충전시간: 4~5시간 / 사용시간: 35분 / [필터] 3단계여과 / [기능] LED라이트 / [구성품] 바닥 / 침구 / 솔형 / 틈새 / 연장툴 / 거치대 / [부가] 먼지통용량: 0.6L / 색상: 블루 / 무게: 2.5kg / 크기(가로x세로x깊이): 210x1040x104mm,228990
카렉스 파워스톰 스마트 무선 청소기 6WC0900037,"차량용청소기 / 무선 / 흡입력: 13,000Pa / 헤파필터 / 스테인리스 필터 / 추가노즐: 틈새, 솔브러쉬 / 사용시간: 10~17분 / 배터리용량: 1,950mAH / 충전시간: 4~5시간 / 소음: 70dB / 무게: 600g",85140
BDC 얼티메이트,핸디/스틱청소기 / 핸디+스틱형 / 무선형 / [성능] 흡입력: 120W / 흡입력: 8000Pa / 소비전력: 100W / [배터리] 리튬이온 / 용량: 2100mAh / 충전시간: 5시간 / 사용시간: 40분 / [필터] 헤파필터 / 3단계여과 / [기능] 셀프스탠딩 / LED라이트 / 배터리잔량표시 / 프리볼트 / [구성품] 바닥 / 솔형 / 틈새 / 연장툴 / 거치대 / [부가] 색상: 퍼플,59790
삼성전자 제트 VS20T9259SFCS,핸디/스틱청소기 / 핸디+스틱형 / 무선형 / 흡입+걸레겸용 / [성능] 싸이클론 / 인버터모터 / 흡입력: 200W / 소비전력: 550W / [배터리] 분리형 / 리튬이온 (2개) / 충전시간: 3시간30분 / 사용시간: 2시간 / [필터] 헤파필터 / 5단계여과 / [기능] 디스플레이표시창 / 프리볼트 / [구성품] 바닥 / 물걸레 / 펫 / 솔형 / 틈새 / 연장툴 / 거치대 / [부가] 먼지통용량: 0.5L / 알레르기인증(BAF) / 미세먼지인증(SLG) / 색상: 티탄+바이올렛 / 무게: 2.64kg / 크기(가로x세로x깊이): 250x1123x215mm / [VCA-SAE90A] 청정스테이션 / 색상: 블랙 / 크기(가로x세로x깊이): 185x600x180mm,905950
샤오미 드리미 VC11,핸디/스틱청소기 / 핸디+스틱형 / 무선형 / 흡입전용 / [성능] 흡입력: 10000Pa / [배터리] 내장형 / [필터] 헤파필터 / H13급 / [기능] 배터리잔량표시 / [구성품] 바닥 / 솔형 / 틈새 / 거치대 / [부가] 먼지통용량: 0.6L / 색상: 화이트 / 무게: 1.6kg,99000
휴스톰 HS-10500,"물걸레청소기 / 스틱형 / 물걸레전용 / 회전식 / 무선형 / 충전시간: 2시간30분 / 사용시간: 30분 / 배터리: 리튬이온 / 용량: 2750mAh / LED라이트 / 각도조절 / 셀프스탠딩 / 배터리잔량표시 / 프리볼트 / 무게: 3.7kg / 색상: 핑크, 그레이 / 패드: 극세사(벨크로형) / 크기(가로x세로x깊이): 410x1020x205mm",209000
루베크 CM-268,핸디/스틱청소기 / 핸디형 / 무선형 / 흡입전용 / 소비전력: 25W / [배터리] 충전시간: 10시간 / 사용시간: 8분 / [구성품] 솔형 / 틈새 / 거치대 / [부가] 색상: 레드 / 건습식 / 크기(가로x세로x깊이): 110x120x390mm,20410
핸디형 차량용 무선 청소기 DK-X112,"차량용청소기 / 무선 / 흡입력: 5200Pa / 추가노즐: 솔브러쉬, 연장호스 / 사용시간: 22분 / 크기: 277x72mm / 무게: 560g",44800
한경희생활과학 SM-2000,"물걸레청소기 / 스틱형 / 왕복식 / 무선형 / 트윈싸이클론 / 충전시간: 3~5시간 / 사용시간: 80분 / 배터리: 리튬이온 / 용량: 2200mAh / 물분사 / LED라이트 / 셀프스탠딩 / 무게: 2.4kg / 소비전력: 35W / 색상: 네이비, 바이올렛 / 배터리잔량표시 / 패드: 극세사(벨크로형) / 크기(가로x세로): 290x1180x260mm",69620
삼성전자 제트 VS20R9044SC,핸디/스틱청소기 / 핸디+스틱형 / 무선형 / [성능] 싸이클론 / 인버터모터 / 흡입력: 200W / 소비전력: 550W / [배터리] 리튬이온 / 충전시간: 3시간30분 / 사용시간: 1시간 / [필터] 헤파필터 / 5단계여과 / [기능] 디스플레이표시창 / 프리볼트 / [구성품] 바닥 / 침구 / 솔형 / 틈새 / 연장툴 / 거치대 / [부가] 먼지통용량: 0.5L / 알레르기인증(BAF) / 미세먼지인증(SLG) / 색상: 실버+그레이 / 무게: 2.7kg / 크기(가로x세로x깊이): 250x1136x215mm,595900
DIBEA P20 MAX,핸디/스틱청소기 / 핸디+스틱형 / 무선형 / 흡입전용 / [성능] 싸이클론 / BLDC모터 / 흡입력: 17000Pa / 소비전력: 160W / [배터리] 리튬이온 / 용량: 2200mAh / 충전시간: 4~5시간 / [필터] 헤파필터 / 3단계여과 / [기능] LED라이트 / [구성품] 바닥 / 솔형 / 틈새 / 연장툴 / 거치대 / [부가] 먼지통용량: 0.5L / 색상: 화이트 / 무게: 2.5kg / 크기(가로x세로x깊이): 230x1050x120mm,92980
테팔 에어포스360 라이트 TY5516KJ,핸디/스틱청소기 / 핸디+스틱형 / 무선형 / 흡입전용 / [성능] 싸이클론 / BLDC모터 / 소비전력: 200W / [배터리] 분리형 / 리튬이온 (2개) / 충전시간: 4시간30분 / 사용시간: 1시간6분 / [필터] 6단계여과 / [구성품] 바닥 / 솔형 / 틈새 / 거치대 / [부가] 먼지통용량: 0.5L / 색상: 다크실버 / 무게: 1.41kg / 크기(가로x세로x깊이): 285x734x188mm,389000
아이코넬 VC-K350W,핸디/스틱청소기 / 핸디+스틱형 / 무선형 / [성능] BLDC모터 / 흡입력: 25000Pa / 소비전력: 350W / [배터리] 분리형 / 리튬이온 / 용량: 2500mAh / 충전시간: 4~5시간 / 사용시간: 25분 / [필터] 헤파필터 / 5단계여과 / [기능] LED라이트 / 프리볼트 / [구성품] 바닥 / 솔형 / 틈새 / 연장툴 / [부가] 색상: 레드 / 무게: 2.08kg,78920
머레이 충전식 무선 핸디형 청소기 HK-8030,"차량용청소기 / 무선 / 흡입력: 6,000Pa / 최대출력: 120W / 헤파필터 / 추가노즐: 틈새, 솔브러쉬 / 사용시간: 20분 / 충전시간: 3시간 / 크기: 65x370mm / 무게: 400g",21900
DIBEA F20 맥스,핸디/스틱청소기 / 핸디+스틱형 / 무선형 / [성능] 싸이클론 / BLDC모터 / 흡입력: 100AW / 흡입력: 25000Pa / 소비전력: 400W / [배터리] 분리형 / 리튬이온 / 용량: 2000mAh / 충전시간: 2~3시간 / 사용시간: 50분 / [기능] LED라이트 / [구성품] 바닥 / 솔형 / 틈새 / 연장툴 / 거치대 / [부가] 먼지통용량: 0.5L / 무게: 2.5kg / 크기(가로x세로x깊이): 256x1172x217mm,199000
오토모 AVC-OTOA3,핸디/스틱청소기 / 핸디+스틱형 / 무선형 / 흡입전용 / [성능] BLDC모터 / 흡입력: 20000Pa / 소비전력: 200W / [배터리] 리튬이온 / 용량: 2000mAh / 충전시간: 5시간 / 사용시간: 30분 / [필터] 헤파필터 / H13급 / 4단계여과 / [기능] 셀프스탠딩 / LED라이트 / 배터리잔량표시 / [구성품] 바닥 / 솔형 / 틈새 / 연장툴 / 거치대 / [부가] 색상: 화이트 / 무게: 2.3kg / 크기(가로x세로x깊이): 310x700x130mm,354460
샤오미 VIOMI A9 V-HWVC12A,핸디/스틱청소기 / 핸디+스틱형 / 무선형 / 흡입전용 / [성능] 싸이클론 / DC모터 / 흡입력: 120AW / 흡입력: 23000Pa / 소비전력: 400W / [배터리] 분리형 / 리튬이온 / 용량: 2500mAh / 사용시간: 1시간 / [필터] 헤파필터 / H12급 / 5단계여과 / [기능] LED라이트 / 배터리잔량표시 / 프리볼트 / [구성품] 바닥 / 침구 / 솔형 / 틈새 / 연장툴 / 거치대 / [부가] 먼지통용량: 0.4L / 색상: 블랙 / 무게: 1.54kg / 크기(가로x세로x깊이): 250x1250x235mm,269000
밀워키 M18 CV-0,"업소용청소기 / 건식 / 무선형 / 헤파필터 / 먼지통용량: 1L / 사용시간: 5.0Ah: 25분, 9.0Ah: 43분 / 브러쉬: 바닥, 틈새, 호스, 연장관",120070
신일전자 SVC-D550GS,"진공청소기 / 무선형 / 충전시간: 3~5시간 / 사용시간: 50분 / [성능] 싸이클론 / 헤파필터 / 먼지통 / 먼지통용량: 1.2L / [구성품] 브러쉬: 플로어 / 보조브러쉬: 틈새, 솔형 / [부가] 무게: 4.1kg / 크기(가로x세로x깊이): 376x292x259mm",247980
삼성전자 제트 VS20T9279S6CS + VR20R7250WC,핸디/스틱청소기+로봇청소기 / 핸디+스틱형 / 무선형 / 흡입+걸레겸용 / [성능] 싸이클론 / 인버터모터 / 흡입력: 200W / 소비전력: 550W / [배터리] 분리형 / 리튬이온 (2개) / 충전시간: 3시간30분 / 사용시간: 2시간 / [필터] 헤파필터 / 5단계여과 / [기능] 디스플레이표시창 / 프리볼트 / [구성품] 바닥 / 물걸레 / 펫 / 솔형 / 틈새 / 연장툴 / 거치대 / [부가] 먼지통용량: 0.5L / 미세먼지인증(SLG) / 색상: 티탄+블루 / 크기(가로x세로x깊이): 250x1136x215mm / [VCA-SAE90A] 청정스테이션 / 색상: 블랙 / 크기(가로x세로x깊이): 185x600x180mm  / [VR20R7250WC] 로봇청소기 / 흡입전용 / 충전시간: 4시간 / 사용시간: 1시간30분 / 크기(가로x세로x깊이): 340x97x348mm,1422110
BSW BS-14048-VC,핸디/스틱청소기 / 핸디형 / 무선형 / [배터리] 니켈수소 / [구성품] 거치대 / [부가] 색상: 실버+블랙 / 크기(가로x세로x깊이): 415x90x99mm,29230
보쉬 글래스 백,핸디/스틱청소기 / 핸디형 / 무선형 / [배터리] 리튬이온 / 충전시간: 3시간 / 사용시간: 30분 / [기능] 배터리잔량표시 / [부가] 무게: 0.7kg / 유리창전용 / 폴리퍼파우더코팅,114380
샤오미 유핀 CL99,핸디/스틱청소기 / 스틱형 / 무선형 / 흡입전용 / 소비전력: 37W / [배터리] 용량: 4000mAh / 충전시간: 4시간 / 사용시간: 50분 / [부가] 색상: 화이트 / 무게: 1.1kg,44290
로보락 H6,핸디/스틱청소기 / 핸디+스틱형 / 무선형 / 흡입전용 / [성능] 싸이클론 / BLDC모터 / 흡입력: 150AW / 흡입력: 25000Pa / 소비전력: 420W / [배터리] 리튬폴리머 / 용량: 3610mAh / 충전시간: 4시간 / 사용시간: 1시간30분 / [필터] 헤파필터 / H13급 / 5단계여과 / [기능] 디스플레이표시창 / 배터리잔량표시 / [구성품] 바닥 / 침구 / 솔형 / 틈새 / 연장툴 / 거치대 / [부가] 먼지통용량: 0.4L / 색상: 레드 / 무게: 1.4kg,429000
샤오미 드리미 CCMOP,물걸레청소기 / 스틱형 / 회전식 / 무선형 / 사용시간: 40분 / LED라이트 / 각도조절 / 배터리잔량표시,58860
원더스리빙 원더스 다이나킹 Z4,핸디/스틱청소기 / 핸디+스틱형 / 무선형 / [성능] 싸이클론 / BLDC모터 / 흡입력: 18000Pa / 소비전력: 250W / [배터리] 리튬이온 / 충전시간: 4~5시간 / 사용시간: 30분 / [필터] 헤파필터 / H13급 / 4단계여과 / [기능] 배터리잔량표시 / [구성품] 바닥 / 침구 / 솔형 / 틈새 / 연장툴 / 거치대 / [부가] 먼지통용량: 0.35L / 무게: 2.65kg / 크기(가로x세로x깊이): 242x1155x235mm,96030
DIBEA Z10 프로,"핸디/스틱청소기 / 핸디+스틱형 / 무선형 / [성능] 싸이클론 / BLDC모터 / 흡입력: 18000Pa / [배터리] 용량: 2200mAh / 충전시간: 4~5시간 / 사용시간: 30분 / [필터] 헤파필터 / H13급 / [구성품] 바닥 / 솔형 / 틈새 / 연장툴 / 거치대 / [부가] 색상: 레드, 아이언그레이, 실버 / 무게: 2.3kg / 크기(가로x세로x깊이): 240x1040x211mm",99000
베이스어스 C2 데스크 캡슐 청소기,"핸디/스틱청소기 / 핸디형 / 무선형 / 흡입전용 / [성능] 흡입력: 1000Pa / 소비전력: 6W / [배터리] 내장형 / 리튬이온 / 용량: 900mAh / 충전시간: 2시간30분 / 사용시간: 20분 / [기능] 탁상용 / [부가] 색상: 핑크, 그린, 화이트, 블랙 / 크기(가로x세로x깊이): 60x110x60mm",9900
홈마블 H80BL,핸디/스틱청소기 / 핸디+스틱형 / 무선형 / 흡입전용 / [성능] 싸이클론 / BLDC모터 / 흡입력: 11500Pa / 소비전력: 75W / [배터리] 리튬이온 / 용량: 2600mAh / 충전시간: 5시간 / 사용시간: 45분 / [필터] 헤파필터 / 5단계여과 / [구성품] 바닥 / 솔형 / 틈새 / 연장툴 / [부가] 먼지통용량: 0.5L / 색상: 블랙 / 무게: 0.55kg / 크기(가로x세로x깊이): 65x400x65mm,79000
알로코리아 차량용 무선 청소기 AVC1,"차량용청소기 / 무선 / 흡입력: 4,500Pa / 헤파필터 / 스테인리스 필터 / 추가노즐: 틈새, 솔브러쉬 / 사용시간: 25분 / 크기: 55.5x55.5x26mm / 무게: 395g",39900
무궁화전자 바로바로 MC-B250,핸디/스틱청소기 / 핸디+스틱형 / 무선형 / [성능] 흡입력: 60W / [배터리] 니켈수소 / 충전시간: 8시간 / 사용시간: 20분 / [구성품] 바닥 / 틈새 / 연장툴 / 거치대 / [부가] 무게: 1.3kg / 크기(가로x세로x깊이): 144x387x136mm,39820
일렉트로룩스 PURE F9 PF91-6BWF,핸디/스틱청소기 / 스틱형 / 무선형 / 흡입전용 / [성능] 싸이클론 / [배터리] 리튬이온 / 충전시간: 6시간 / 사용시간: 1시간 / [필터] 5단계여과 / [기능] 먼지감지센서 / 셀프스탠딩 / LED라이트 / 배터리잔량표시 / [구성품] 바닥 / 침구 / 더스팅 / 3in1 / 업탑어댑터 / 거치대 / [부가] 먼지통용량: 0.7L / 알레르기인증(BAF) / 색상: 사틴화이트 / 무게: 4.1kg / 플렉스리프트 / 크기(가로x세로x깊이): 215x1200x249mm,397390
베이스어스 차량용 캡슐 무선 진공 청소기,"차량용청소기 / 무선 / 흡입력: 4,000Pa / 최대출력: 65W / 3중필터 / 스테인리스 필터 / 추가노즐: 틈새, 솔브러쉬 / 크기: 65x232mm / 색상: 블랙, 실버",35510
일렉트로룩스 에르고라피도 ZB3316AK,핸디/스틱청소기 / 핸디+스틱형 / 무선형 / 흡입전용 / [배터리] 리튬이온 / 충전시간: 4시간 / 사용시간: 48분 / [필터] 4단계여과 / [기능] 브러쉬자동청소 / 셀프스탠딩 / LED라이트 / 배터리잔량표시 / [구성품] 바닥 / 침구 / 틈새 / 긴틈새 / 거치대 / [부가] 먼지통용량: 0.42L / 알레르기인증(BAF) / 색상: 브론즈 / 무게: 3.28kg,173440
DIBEA X30,핸디/스틱청소기 / 핸디+스틱형 / 무선형 / 흡입전용 / [성능] 싸이클론 / BLDC모터 / 흡입력: 25000Pa / 소비전력: 400W / [배터리] 분리형 / 리튬이온 / 용량: 2000mAh / 충전시간: 2~3시간 / 사용시간: 50분 / [필터] 헤파필터 / H13급 / [기능] LED라이트 / [구성품] 바닥 / 솔형 / 틈새 / 연장툴 / 거치대 / [부가] 먼지통용량: 0.5L / 색상: 블루 / 무게: 2.5kg / 크기(가로x세로x깊이): 256x1172x217mm,199000
무궁화전자 다이아린 DHV-555,핸디/스틱청소기 / 핸디형 / 무선형 / 흡입전용 / 트윈챔버 / 소비전력: 50W / [필터] 4단계여과 / [구성품] 솔형 / 틈새 / 거치대 / [부가] 색상: 오렌지 / 크기(가로x세로x깊이): 420x255x130mm,85000
한샘 BLDC 올인원 무선청소기,핸디/스틱청소기 / 핸디+스틱형 / 무선형 / 흡입+걸레겸용 / [성능] 터보싸이클론 / BLDC모터 / 흡입력: 20000Pa / 소비전력: 200W / [배터리] 분리형 / 용량: 2000mAh / 충전시간: 5시간 / 사용시간: 30분 / [필터] 헤파필터 / H13급 / [기능] LED라이트 / 배터리잔량표시 / [구성품] 바닥 / 물걸레 / 솔형 / 틈새 / 연장툴 / 거치대 / [부가] 먼지통용량: 0.6L / 색상: 화이트 / 무게: 2.2kg / 크기(가로x세로x깊이): 260x1080x210mm,147460
유행코리아 더쎈 유무선 청소기,"차량용청소기 / 유무선 / 12V / 흡입력: 4,800Pa / 최대출력: 120W / 추가노즐: 틈새, 솔브러쉬, 연장호스 / 사용시간: 25분 / 충전방식: 시거잭, 220V / 충전시간: 3~4시간 / 크기: 260x200x80mm / 무게: 880g",67710
아이룸 F1,핸디/스틱청소기 / 핸디+스틱형 / 무선형 / 흡입전용 / [성능] 싸이클론 / BLDC모터 / 흡입력: 13000Pa / 소비전력: 120W / [배터리] 리튬이온 / 용량: 2000mAh / 충전시간: 2시간30분 / 사용시간: 25분 / [필터] 헤파필터 / 3단계여과 / [구성품] 바닥 / 솔형 / 틈새 / 패브릭 / 거치대 / [부가] 색상: 화이트 / 무게: 0.6kg,68000
z2GtCWrMDn,z2GtCWrMDn481852,481852
아이룸 AST-009 플러스 맥스,핸디/스틱청소기 / 핸디+스틱형 / 무선형 / 흡입전용 / [성능] 싸이클론 / 흡입력: 12000Pa / 소비전력: 160W / [필터] 헤파필터 / [기능] LED라이트 / 배터리잔량표시 / [구성품] 바닥 / 침구 / 솔형 / 틈새 / 거치대 / [부가] 색상: 퍼플 / 무게: 1.89kg,117950
보쉬 GAS10.8V-LI,핸디/스틱청소기 / 핸디형 / 무선형 / 사용시간: 7분 / [부가] 색상: 블루 / 크기(가로x세로x깊이): 273x170x77mm,39810
샤오미 MJWXCQ03DY,핸디/스틱청소기 / 핸디+스틱형 / 무선형 / [성능] 싸이클론 / BLDC모터 / 흡입력: 10000Pa / 소비전력: 220W / [배터리] 내장형 / 리튬이온 / 충전시간: 5시간 / 사용시간: 45분 / [필터] 헤파필터 / 3단계여과 / [구성품] 바닥 / 솔형 / 틈새 / 거치대 / [부가] 먼지통용량: 0.5L / 색상: 화이트 / 무게: 1.2kg,78210
메디하임 K19,"핸디/스틱청소기 / 핸디+스틱형 / 무선형 / 흡입전용 / [성능] DC모터 / 흡입력: 8500Pa / [배터리] 분리형 / 리튬이온 / 용량: 2000mAh / 충전시간: 4시간30분 / 사용시간: 35분 / [필터] 헤파필터 / [기능] LED라이트 / 배터리잔량표시 / [구성품] 바닥 / 틈새 / 거치대 / [부가] 색상: 그레이블루, 그레이실버 / 무게: 2.2kg",116130
샤오미 로이드미 Z1,핸디/스틱청소기 / 핸디+스틱형 / 무선형 / 흡입+걸레겸용 / [성능] 싸이클론 / BLDC모터 / 흡입력: 110AW / 흡입력: 22000Pa / 소비전력: 335W / [배터리] 내장형 / 리튬이온 / 용량: 2500mAh / 충전시간: 3시간 / 사용시간: 1시간 / [필터] 헤파필터 / 7단계여과 / [기능] 프리볼트 / [구성품] 바닥 / 솔형 / 틈새 / 매트리스 / 연장툴 / 거치대 / [부가] 먼지통용량: 0.65L / 색상: 화이트 / 무게: 2.7kg / 크기(가로x세로x깊이): 259x1191x221mm,269610
아이룸 RS7,핸디/스틱청소기 / 핸디+스틱형 / 무선형 / 흡입전용 / [성능] BLDC모터 / 흡입력: 26000Pa / 소비전력: 280W / [배터리] 리튬이온 / 용량: 2200mAh / [필터] 6단계여과 / [기능] LED라이트 / [구성품] 바닥 / 솔형 / 틈새 / 연장툴 / 거치대 / [부가] 색상: 옐로우 / 무게: 2.7kg / 크기(가로x세로x깊이): 263x1170x230mm,181440
캐치웰 NEW F7 플러스,핸디/스틱청소기 / 핸디+스틱형 / 무선형 / 흡입전용 / [성능] 싸이클론 / BLDC모터 / 흡입력: 22000Pa / 소비전력: 220W / [배터리] 리튬이온 / 용량: 2200mAh / 충전시간: 6시간 / 사용시간: 35분 / [필터] 헤파필터 / H13급 / 4단계여과 / [기능] LED라이트 / 배터리잔량표시 / [구성품] 바닥 / 솔형 / 틈새 / 연장툴 / 거치대 / [부가] 먼지통용량: 0.5L / 색상: 레드 / 무게: 2.11kg,169000
샤오미 DM-FC1001,물걸레청소기 / 스틱형 / 물걸레+진공 / 무선형 / 헤파필터 / BLDC모터 / 충전시간: 3시간 / 사용시간: 25분 / 용량: 2500mAh / 물분사 / 셀프스탠딩 / 배터리잔량표시 / 소비전력: 140W / 색상: 화이트 / 오토클리닝 / 크기(가로x세로x깊이): 308x1100x250mm,275110
휴스톰 HS-11000,물걸레청소기 / 스틱형 / 회전식 / 무선형 / 충전시간: 2시간30분 / 사용시간: 30분 / 배터리: 리튬이온 / 용량: 2750mAh / LED라이트 / 가구손상방지 / 각도조절 / 배터리잔량표시 / 거치대 / 프리볼트 / 무게: 3.7kg / 색상: 블랙 / 모터과열방지 / 과충전방지 / 오토스토핑 / 패드: 극세사(벨크로형) / 크기(가로x세로x깊이): 410x1180x205mm,197950
신일전자 SVC-650SG,핸디/스틱청소기 / 핸디형 / 무선형 / [성능] 흡입력: 35W / [배터리] 충전시간: 8시간 / 사용시간: 5~10분 / [구성품] 바닥 / 연장툴 / 거치대 / [부가] 색상: 화이트 / 무게: 1.5kg / 크기(가로x세로x깊이): 440x150x130mm,34150
블랙앤데커 파워 익스트림 TBSV2020,"핸디/스틱청소기 / 핸디+스틱형 / 무선형 / 흡입전용 / [성능] 싸이클론 / BLDC모터 / 흡입력: 40AW / 소비전력: 140W / [배터리] 분리형 / 리튬이온 / 용량: 2000mAh / 충전시간: 1시간 / 사용시간: 1시간 / [기능] 셀프스탠딩 / LED라이트 / 배터리잔량표시 / [구성품] 바닥 / 침구 / 솔형 / 틈새 / 연장툴 / [부가] 색상: 블루, 오렌지 / 무게: 2.75kg / 크기(가로x세로x깊이): 283x1030x217mm",223270
마끼다 DCL182ZW,핸디/스틱청소기 / 핸디+스틱형 / 무선형 / [성능] 흡입력: 5400Pa / [배터리] 분리형 / 리튬이온 / 충전시간: 22분 / 사용시간: 40분 / [기능] 배터리잔량표시 / [부가] 먼지통용량: 0.5L / 색상: 화이트 / 무게: 1.3kg / 스위블헤드 / 크기(가로x세로x깊이): 151x1004x151mm,41190
샤크 EVO POWER PLUS,핸디/스틱청소기 / 핸디+스틱형 / 무선형 / 흡입전용 / [성능] BLDC모터 / 소비전력: 120W / [배터리] 분리형 / 리튬이온 / 충전시간: 2시간30분 / 사용시간: 12분 / [구성품] 바닥 / 솔형 / 틈새 / [부가] 색상: 블랙 / 무게: 0.624kg / 크기(가로x세로x깊이): 61x419x53mm,156750
DIBEA NEW S9,핸디/스틱청소기 / 핸디+스틱형 / 무선형 / 흡입전용 / [성능] 싸이클론 / BLDC모터 / 흡입력: 22000Pa / 소비전력: 250W / [배터리] 리튬이온 / 용량: 2200mAh / 충전시간: 5시간 / 사용시간: 30분 / [필터] 헤파필터 / H13급 / 4단계여과 / [기능] LED라이트 / [구성품] 바닥 / 솔형 / 틈새 / 거치대 / [부가] 먼지통용량: 0.55L / 무게: 2.2kg / 크기(가로x세로x깊이): 240x1040x212mm,169000
신일전자 SVC-750SG,핸디/스틱청소기 / 핸디+스틱형 / 무선형 / [성능] 흡입력: 86W / [배터리] 니켈카드뮴 / 충전시간: 8시간 / 사용시간: 15분 / [구성품] 바닥 / 솔형 / 틈새 / 연장툴 / 거치대 / [부가] 색상: 실버 / 크기(가로x세로x깊이): 560x170x220mm,53000
키친아트 KIA-BC100,"욕실청소기 / 핸디+스틱형 / 무선형 / 소비전력: 10W / [배터리] 용량: 2600mAh / 충전시간: 3시간 / 사용시간: 1시간 / [부가] 색상: 화이트+핑크 / 무게: 0.34kg / 방수 / 브러쉬: 평면, 일반, 모서리, 극세사, 수세미, 스폰지, 연장툴 / 크기(가로x세로x깊이): 70x1130x95mm",43900
한경희생활과학 HKH-C250B,"욕실청소기 / 스틱형 / 무선형 / [배터리] 리튬이온 / 용량: 4000mAh / 충전시간: 4시간 / 사용시간: 2시간30분 / [기능] 배터리잔량표시 / 프리볼트 / [부가] 색상: 화이트 / 무게: 1.75kg / 방수 / 브러쉬: 바닥, 틈새, 원형 / 크기(가로x세로x깊이): 72x1030x72mm",79000
삼성전자 제트 VS20T9277Q3,핸디/스틱청소기 / 핸디+스틱형 / 무선형 / 흡입+걸레겸용 / [성능] 싸이클론 / 인버터모터 / 흡입력: 200W / 소비전력: 550W / [배터리] 분리형 / 리튬이온 (2개) / 충전시간: 3시간30분 / 사용시간: 2시간 / [필터] 헤파필터 / 5단계여과 / [기능] 디스플레이표시창 / 프리볼트 / [구성품] 바닥 / 물걸레 / 솔형 / 틈새 / 거치대 / [부가] 먼지통용량: 0.5L / 미세먼지인증(SLG) / 색상: 티탄+그레이 / 크기(가로x세로x깊이): 250x1136x215mm,927050
캐치웰 코드엑스,핸디/스틱청소기 / 핸디+스틱형 / 무선형 / 흡입전용 / [성능] BLDC모터 / 흡입력: 22000Pa / 소비전력: 350W / 용량: 2500mAh / 충전시간: 5시간 / 사용시간: 1시간 / [필터] 헤파필터 / H13급 / [기능] 배터리잔량표시 / 프리볼트 / [구성품] 바닥 / 침구 / 솔형 / 틈새 / 거치대 / [부가] 먼지통용량: 0.5L / 색상: 화이트,189000
일렉트로룩스 에르고라피도 ZB3324B,핸디/스틱청소기 / 핸디+스틱형 / 무선형 / 흡입전용 / [배터리] 리튬이온 / 충전시간: 4시간 / 사용시간: 48분 / [필터] 4단계여과 / [기능] 브러쉬자동청소 / 셀프스탠딩 / LED라이트 / 배터리잔량표시 / [구성품] 바닥 / 침구 / 틈새 / 긴틈새 / 패브릭 / 연장툴 / 거치대 / [부가] 먼지통용량: 0.42L / 알레르기인증(BAF) / 색상: 소프트샌드 / 무게: 3.6kg,249660
보아르 워터스핀E1,물걸레청소기 / 스틱+핸디형 / 물걸레전용 / 회전식 / 무선형 / 충전시간: 3시간 / 사용시간: 1시간 / 배터리: 리튬이온 / 용량: 2600mAh / 물통용량: 0.22L / 물분사 / LED라이트 / 각도조절 / 셀프스탠딩 / 배터리잔량표시 / 프리볼트 / 무게: 3.3kg / 소비전력: 12.6W / 색상: 화이트 / 패드: 극세사(벨크로형) / 크기(가로x세로x깊이): 360x1260x205mm,147870
알토디자인 에코너 T-1 핸디형 무선 차량용 청소기,"차량용청소기 / 무선 / 흡입력: 6,000Pa / 최대출력: 70W / 헤파필터 / 추가노즐: 틈새, 솔브러쉬 / 사용시간: 12~20분 / 크기: 73.4x301.7mm / 무게: 606g",50720
비브르 스톰파워 VE30,핸디/스틱청소기 / 핸디+스틱형 / 무선형 / 흡입+걸레겸용 / [성능] BLDC모터 / 흡입력: 25000Pa / 소비전력: 400W / [배터리] 분리형 / 리튬이온 / 용량: 2000mAh / 충전시간: 3시간 / 사용시간: 40분 / [필터] 헤파필터 / H13급 / [기능] 디스플레이표시창 / LED라이트 / [구성품] 바닥 / 물걸레 / 침구 / 솔형 / 틈새 / 거치대 / [부가] 먼지통용량: 0.8L / 색상: 블랙 / 무게: 1.5kg,233000
오토싱 씽씽스타 S10,"물걸레청소기 / 스틱형 / 회전식 / 무선형 / 사용시간: 1시간34분 / LED라이트 / 각도조절 / 프리볼트 / 무게: 3.5kg / 소비전력: 80W / 색상: 레드, 다크브라운, 라이트그린, 아쿠아블루, 바이올렛 / 배터리 (2개) / 과열방지 / 과충전방지 / 과방전방지 / 오토스토핑 / 패드: 극세사(벨크로형) / 크기(가로x세로x깊이): 440x1200x240mm",144830
DIBEA NEW X10 플러스,핸디/스틱청소기 / 핸디+스틱형 / 무선형 / [성능] 싸이클론 / 흡입력: 19000Pa / 소비전력: 250W / [배터리] 리튬이온 / 용량: 2200mAh / 충전시간: 4~5시간 / 사용시간: 30분 / [필터] 4단계여과 / [구성품] 바닥 / 솔형 / 틈새 / 연장툴 / 거치대 / [부가] 먼지통용량: 0.55L / 색상: 블루 / 무게: 2.3kg / 크기(가로x세로x깊이): 240x1040x212mm,149000
오아 OA-CL010,핸디/스틱청소기 / 핸디+스틱형 / 무선형 / 흡입전용 / [성능] BLDC모터 / 흡입력: 13000Pa / 소비전력: 13.5W / [배터리] 용량: 2000mAh / 충전시간: 2시간30분 / 사용시간: 25분 / [필터] 헤파필터 / [구성품] 바닥 / 솔형 / 틈새 / 연장툴 / [부가] 먼지통용량: 0.15L / 색상: 화이트 / 무게: 0.512kg / 크기(가로x세로x깊이): 58x344x58mm,79000
샤오미 SWDK-DM790,"침구청소기 / 핸디형 / 무선형 / 3단계여과 / 흡입력: 6000Pa / 충전시간: 2시간30분 / 사용시간: 25분 / 용량: 2200mAh / 청소모드: UV살균, 진동, 흡입 / 진동수: 8000회(분당) / 헤파필터 / 거치대 / 무게: 1.3kg / 크기(가로x세로): 270x324mm",59400
무선 고압세차기,업소용청소기 / 고압세척기 / 무선형 / 사용시간: 40분 / 용량: 5600mAh / 작동압력: 30bar / 소비전력: 200W / 색상: 블랙 / 크기(가로x세로): 350x200mm,65800
보아르 포스 B25,핸디/스틱청소기 / 핸디+스틱형 / 무선형 / 흡입+걸레겸용 / [성능] 싸이클론 / BLDC모터 / 흡입력: 25000Pa / 소비전력: 250W / [배터리] 분리형 / 용량: 2500mAh / 충전시간: 5시간 / 사용시간: 1시간 / [필터] 헤파필터 / H13급 / 3단계여과 / [기능] 먼지감지센서 / 디스플레이표시창 / LED라이트 / 배터리잔량표시 / [구성품] 바닥 / 물걸레 / 침구 / 솔형 / 틈새 / 연장툴 / 거치대 / [부가] 먼지통용량: 0.8L / 색상: 화이트 / 무게: 1.43kg,219000
테팔 엑스퍼트 3.60 TY6974,핸디/스틱청소기 / 핸디+스틱형 / 무선형 / 흡입전용 / [성능] 싸이클론 / DC모터 / [배터리] 분리형 / 리튬이온 / 충전시간: 5시간 / 사용시간: 45분 / [기능] LED라이트 / 배터리잔량표시 / 프리볼트 / [구성품] 바닥 / 솔형 / 틈새 / 매트리스 / 거치대 / [부가] 먼지통용량: 0.5L / 색상: 블랙+옐로우 / 무게: 2.2kg,259000
일렉트로룩스 PURE Q9 PQ91-3EM,핸디/스틱청소기 / 핸디+스틱형 / 무선형 / 흡입전용 / [성능] 싸이클론 / [배터리] 리튬이온 / 충전시간: 4시간 / 사용시간: 55분 / [필터] 5단계여과 / [기능] 브러쉬자동청소 / 셀프스탠딩 / LED라이트 / [구성품] 바닥 / 솔형 / 틈새 / 긴틈새 / 거치대 / [부가] 먼지통용량: 0.3L / 색상: 마호가니브론즈 / 무게: 2.75kg / 크기(가로x세로x깊이): 256x1100x130mm,317510
샤오미 G10,핸디/스틱청소기 / 핸디+스틱형 / 무선형 / 흡입+걸레겸용 / [성능] 싸이클론 / BLDC모터 / 흡입력: 150AW / 소비전력: 450W / [배터리] 분리형 / 용량: 3000mAh / 사용시간: 1시간5분 / [필터] 헤파필터 / 5단계여과 / [기능] 배터리잔량표시 / [구성품] 바닥 / 솔형 / 틈새 / 패브릭 / 연장툴 / 거치대 / [부가] 먼지통용량: 0.6L / 물통용량: 0.23L / 색상: 화이트 / 무게: 1.2kg / 크기(가로x세로x깊이): 256x1286x214mm,239000
신일전자 SVC-680G,핸디/스틱청소기 / 핸디형 / 무선형 / [배터리] 충전시간: 5시간 / 사용시간: 15분 / [구성품] 틈새 / 거치대 / [부가] 색상: 실버 / 무게: 0.8kg / 크기(가로x세로x깊이): 425x95x90mm,28590
삼성전자 VC-H20,핸디/스틱청소기 / 핸디형 / 무선형 / 소비전력: 48W / [배터리] 니켈수소 / 충전시간: 8시간 / 사용시간: 10분 / [구성품] 틈새 / [부가] 색상: 화이트+오렌지 / 무게: 0.75kg / 크기(가로x세로x깊이): 342x165x119mm,30350
에이스전자 AVC-81531DM,"핸디/스틱청소기 / 핸디+스틱형 / 무선형 / 소비전력: 7W / [배터리] 니켈수소 / 충전시간: 6~7시간 / 사용시간: 20분 / H12급 / [기능] LED라이트 / [구성품] 솔형 / 틈새 / [부가] 색상: 블랙+레드, 블랙+실버 / 무게: 3.4kg / 크기(가로x세로x깊이): 250x1130x180mm",30000
삼성전자 제트 VS20R9074S2WBCS,핸디/스틱청소기 / 핸디+스틱형 / 무선형 / 흡입+걸레겸용 / [성능] 싸이클론 / 인버터모터 / 흡입력: 200W / 소비전력: 550W / [배터리] 분리형 / 리튬이온 (2개) / 충전시간: 3시간30분 / 사용시간: 120분 / [필터] 헤파필터 / 5단계여과 / [기능] 디스플레이표시창 / 프리볼트 / [구성품] 바닥 / 물걸레 / 침구 / 솔형 / 틈새 / 연장툴 / 거치대 / [부가] 먼지통용량: 0.5L / 알레르기인증(BAF) / 미세먼지인증(SLG) / 색상: 티탄+블루 / 무게: 2.7kg / 크기(가로x세로x깊이): 250x1136x215mm / [VCA-SAE90A] 청정스테이션 / 색상: 화이트 / 크기(가로x세로x깊이): 185x600x180mm,950000
보아르 굿나잇클링,"침구청소기 / 핸디형 / 무선형 / 싸이클론 / 3단계여과 / 흡입력: 7000Pa / 먼지통용량: 0.3L / 충전시간: 5시간 / 사용시간: 50분 / 용량: 2200mAh / 청소모드: UV살균, 진동, 흡입 / 진동수: 8000회(분당) / 헤파필터 / H13급 / 바닥롤러 / 무게: 1.3kg / 소비전력: 13.2W / 색상: 화이트 / 배터리잔량확인 / 크기(가로x세로x깊이): 255x170x110mm",95790
도노 SY-306,핸디/스틱청소기 / 핸디+스틱형 / 무선형 / 흡입전용 / [성능] 싸이클론 / BLDC모터 / 흡입력: 22000Pa / 소비전력: 300W / [배터리] 리튬이온 / 용량: 2500mAh / 충전시간: 5시간 / 사용시간: 1시간20분 / [필터] 헤파필터 / 4단계여과 / [기능] LED라이트 / 프리볼트 / [구성품] 바닥 / 침구 / 솔형 / 틈새 / 연장툴 / 거치대 / [부가] 색상: 다크그레이,179000
일렉트로룩스 PURE Q9 PQ91-3OB,핸디/스틱청소기 / 핸디+스틱형 / 무선형 / 흡입전용 / [성능] 싸이클론 / [배터리] 리튬이온 / 충전시간: 4시간 / 사용시간: 55분 / [필터] 5단계여과 / [기능] 브러쉬자동청소 / 셀프스탠딩 / LED라이트 / [구성품] 바닥 / 솔형 / 더스팅 / 틈새 / 거치대 / [부가] 먼지통용량: 0.3L / 색상: 인디고블루 / 무게: 2.75kg / 크기(가로x세로x깊이): 256x1100x130mm,327120
일렉트로룩스 에르고라피도 파워프로 ZB3423BO,핸디/스틱청소기 / 핸디+스틱형 / 무선형 / 흡입전용 / [배터리] 리튬이온 / 충전시간: 4시간 / 사용시간: 48분 / [필터] 4단계여과 / [기능] 셀프스탠딩 / 배터리잔량표시 / [구성품] 바닥 / 침구 / 틈새 / 거치대 / [부가] 먼지통용량: 0.42L / 알레르기인증(BAF) / 색상: 마호가니브론즈 / 무게: 3.4kg,276160
블랙앤데커 BHHV315B06,핸디/스틱청소기 / 핸디형 / 무선형 / 흡입전용 / [성능] 흡입력: 20AW / [배터리] 내장형 / 리튬이온 / 충전시간: 4시간 / 사용시간: 16분 / [필터] 2단계여과 / [기능] 배터리잔량표시 / 프리볼트 / [구성품] 틈새 / 거치대 / [부가] 먼지통용량: 0.7L / 색상: 레드 / 무게: 1kg / 크기(가로x세로): 160x400mm,63390
gjyENmctAl,gjyENmctAl191190,191190
테팔 엑스퍼트 3.60 TY6933,핸디/스틱청소기 / 핸디+스틱형 / 무선형 / 흡입전용 / [성능] 싸이클론 / DC모터 / [배터리] 분리형 / 리튬이온 / 충전시간: 5시간 / 사용시간: 45분 / [기능] LED라이트 / 배터리잔량표시 / 프리볼트 / [구성품] 바닥 / 솔형 / 틈새 / 거치대 / [부가] 먼지통용량: 0.5L / 색상: 블랙 / 무게: 2.2kg,179010
블랙앤데커 PV1420MEXT,핸디/스틱청소기 / 핸디형 / 무선형 / [성능] 싸이클론 / 흡입력: 28AW / [배터리] 리튬이온 / 충전시간: 4시간 / 사용시간: 11분 / [기능] 프리볼트 / [구성품] 바닥 / 연장툴 / 거치대 / [부가] 색상: 레드 / 무게: 1.33kg / 피벗노즐 / 크기(가로x세로x깊이): 270x170x140mm,81200
블랙앤데커 WD7201,"핸디/스틱청소기 / 핸디형 / 무선형 / [배터리] 리튬이온 / 충전시간: 10시간 / 사용시간: 8분 / [구성품] 틈새 / [부가] 색상: 그린, 오렌지 / 무게: 0.65kg / 습건식",31900
테팔 에어포스 익스트림 사일런스 TY8949,핸디/스틱청소기 / 스틱형 / 무선형 / [성능] 싸이클론 / 충전시간: 6시간 / 사용시간: 45분 / [기능] 셀프스탠딩 / 배터리잔량표시 / [부가] 무게: 3.22kg / 크기(가로x세로x깊이): 250x1100x210mm,119000
신일전자 SVC-R220UB,핸디/스틱청소기 / 핸디+스틱형 / 무선형 / 흡입전용 / [성능] 싸이클론 / BLDC모터 / 흡입력: 13000Pa / 소비전력: 120W / [배터리] 리튬이온 / 용량: 2000mAh / 충전시간: 5시간 / 사용시간: 20분 / [필터] 헤파필터 / H13급 / 4단계여과 / [기능] 프리볼트 / [구성품] 바닥 / 솔형 / 패브릭 / 연장툴 / 거치대 / [부가] 먼지통용량: 0.5L / 색상: 화이트 / 무게: 1.34kg / 크기(가로x세로x깊이): 225x1200x78mm,88060
밀워키 M18 VC-2-0,업소용청소기 / 건습식 / 무선형 / 헤파필터 / 탱크용량: 7.5L / 헤파필터 / 사용시간: 30분,130990
다이슨 디지털 슬림 플러피 프로,핸디/스틱청소기 / 핸디+스틱형 / 무선형 / 흡입전용 / [성능] 싸이클론 / 흡입력: 100AW / [배터리] 분리형 / 충전시간: 3시간30분 / 사용시간: 40분 / [필터] 5단계여과 / [기능] 디스플레이표시창 / [구성품] 슬림소프트롤러 / 미니모터 / 솔형 / 스터번더트 / 틈새 / 매트리스 / 연장툴 / 거치대 / 도킹스테이션 / [부가] 먼지통용량: 0.3L / 색상: 골드 / 무게: 1.9kg / 크기(가로x세로x깊이): 250x1100x250mm,931000
테팔 에어포스360 TY7233KO,핸디/스틱청소기 / 핸디+스틱형 / 무선형 / 흡입전용 / [성능] 싸이클론 / DC모터 / [배터리] 분리형 / 리튬이온 / 용량: 2000mAh / 충전시간: 5시간 / 사용시간: 45분 / [기능] LED라이트 / 프리볼트 / [구성품] 바닥 / 솔형 / 틈새 / 거치대 / [부가] 먼지통용량: 0.5L / 색상: 블랙 / 무게: 2.2kg,189680
보아스 VO802R,핸디/스틱청소기 / 핸디+스틱형 / 무선형 / [성능] 트윈싸이클론 / BLDC모터 / 흡입력: 10000Pa / 소비전력: 120W / [배터리] 리튬이온 / 용량: 2200mAh / 충전시간: 3시간~4시간30분 / 사용시간: 50분 / [필터] 헤파필터 / [기능] 프리볼트 / [구성품] 바닥 / 침구 / 솔형 / 틈새 / 연장툴 / 거치대 / [부가] 먼지통용량: 1L / 색상: 블루 / 무게: 1.4kg / 크기(가로x세로x깊이): 249x1286x201mm,1102000
라우쉬 (RAUSCH) LSBC-6000,욕실청소기 / 핸디+스틱형 / 무선형 / 소비전력: 30W / [배터리] 용량: 2000mAh / 충전시간: 4시간 / 사용시간: 1시간40분 / [기능] 프리볼트 / [구성품] 연장툴 / [부가] 색상: 화이트,46310
다이슨 V11 토크 드라이브 플러스,핸디/스틱청소기 / 핸디+스틱형 / 무선형 / 흡입전용 / [성능] 루트싸이클론 / 흡입력: 220AW / [배터리] 분리형 / 리튬이온 / 충전시간: 4시간30분 / 사용시간: 1시간 / [필터] 6단계여과 / [기능] 디스플레이표시창 / [구성품] 하이토크 / 미니모터 / 솔형 / 더스팅 / 틈새 / 매트리스 / 연장툴 / 거치대 / 도킹스테이션 / [부가] 먼지통용량: 0.54L / 무게: 2.97kg / 크기(가로x세로x깊이): 261x1261x250mm,1498930
에이스전자 ARW-C100,"로봇청소기 / 흡입+걸레 / [센서] 장애물인식센서 / 추락방지센서 / [성능] BLDC모터 / 배터리: 리튬이온 / 용량: 2600mAh / 충전시간: 5시간 / 사용시간: 2시간 / 헤파필터 / 소비전력: 12W / [기능] 문턱등반 / 자동충전 / 리모콘 / [부가] 먼지통용량: 0.3L / 색상: 화이트, 블랙, 블루 / 무게: 2.5kg / 무선형 / 패드: 극세사 / 크기(가로x깊이): 310x72x310mm",262290
오토모 AVC-OTOA6,핸디/스틱청소기 / 핸디+스틱형 / 무선형 / 흡입전용 / [성능] BLDC모터 / 흡입력: 20000Pa / 소비전력: 200W / [배터리] 리튬이온 / 용량: 2000mAh / 충전시간: 5시간 / 사용시간: 1시간 / [필터] 헤파필터 / H13급 / 4단계여과 / [기능] 셀프스탠딩 / LED라이트 / 배터리잔량표시 / [구성품] 바닥 / 침구 / 솔형 / 틈새 / 거치대 / [부가] 색상: 그레이 / 무게: 2.32kg / 크기(가로x세로x깊이): 310x700x130mm,199000
대웅모닝컴 DWVC-AC800KP,핸디/스틱청소기 / 핸디+스틱형 / 유선형 / [성능] 싸이클론 / 소비전력: 600W / [구성품] 바닥 / 솔형 / 틈새 / 연장툴 / [부가] 무게: 2.5kg / 크기(가로x세로x깊이): 260x1060x210mm,24450
LG전자 코드제로 T9 T950,진공청소기 / 무선형 / [성능] 2중터보싸이클론 / 인버터모터 / 흡입력: 250W / 헤파필터 / 7단계여과 / 소비전력: 850W / 먼지통 / 먼지통용량: 1.5L / 먼지압축 / 오토무빙 / [구성품] 브러쉬: 플로어 / 보조브러쉬: 침구용 / [부가] 알레르기인증(BAF) / 미세먼지인증(SLG) / 색상: 판타지실버 / 연장호스 / 무게중심센서 / 거리유지센서 / 충돌감지센서 / 크기(가로x세로x깊이): 290x401x327mm,1165730
유니맥스 UVC-1686A,핸디/스틱청소기 / 핸디+스틱형 / 유선형 / [성능] 싸이클론 / 소비전력: 600W / [필터] 헤파필터 / [구성품] 바닥 / 솔형 / 틈새 / 연장툴 / 거치대 / [부가] 색상: 블루 / 크기(가로x세로x깊이): 270x1220x270mm,30900
BDC 벨라,핸디/스틱청소기 / 핸디+스틱형 / 무선형 / 소비전력: 75W / [배터리] 리튬이온 / 사용시간: 30분 / [필터] 헤파필터 / 2단계여과 / [기능] 셀프스탠딩 / LED라이트 / 프리볼트 / [구성품] 바닥 / 틈새 / 연장툴 / [부가] 색상: 블랙,47421
신일전자 SVC-C2025SJ,핸디/스틱청소기 / 핸디+스틱형 / 무선형 / [성능] 싸이클론 / 흡입력: 130W / [배터리] 분리형 / 용량: 2050mAh / 충전시간: 5시간 / 사용시간: 40분 / [기능] LED라이트 / 프리볼트 / [구성품] 바닥 / 솔형 / 틈새 / 연장툴 / 거치대 / [부가] 무게: 2.1kg / 크기(가로x세로x깊이): 360x294x230mm,96080
샤오미 로이드미 핸디 청소기 NANO (해외구매),"차량용청소기 / 무선 / 흡입력: 6,000Pa / 최대출력: 60W / 헤파필터 / LED라이트 / 사용시간: 25분 / 크기: 275x60mm / 무게: 500g / 색상: 블랙, 화이트",35890
신일전자 SVC-D900RK,핸디/스틱청소기 / 핸디형 / 무선형 / 흡입전용 / 소비전력: 40W / [배터리] 용량: 300mAh / 충전시간: 6시간30분 / 사용시간: 15분 / [기능] 프리볼트 / [구성품] 틈새 / [부가] 먼지통용량: 0.4L / 물통용량: 0.1L / 색상: 화이트 / 무게: 1kg / 건습식 / 크기(가로x세로x깊이): 137x405x144mm,29470
샤오미 70mai 차량용 무선 청소기 (해외구매),"차량용청소기 / 무선 / 흡입력: 5,000Pa / 최대출력: 80W / 헤파필터 / 추가노즐: 솔브러쉬 / 사용시간: 24분 / 먼지통: 100ml / 소음: 65dB / 충전시간: 3~4시간",37820
혼시티 W7B8F63,"욕실청소기 / 스틱형 / 무선형 / [배터리] 사용시간: 1시간 / [부가] 색상: 화이트 / 무게: 1.46kg / 방수 / 브러쉬: 평면, 돔형, 코너 / 크기(가로x세로x깊이): 130x1110x60mm",24890
삼성전자 제트 VS20T9258SFCS,핸디/스틱청소기 / 핸디+스틱형 / 무선형 / 흡입+걸레겸용 / [성능] 싸이클론 / 인버터모터 / 흡입력: 200W / 소비전력: 550W / [배터리] 분리형 / 리튬이온 (2개) / 충전시간: 3시간30분 / 사용시간: 2시간 / [필터] 헤파필터 / 5단계여과 / [기능] 디스플레이표시창 / 프리볼트 / [구성품] 바닥 / 물걸레 / 침구 / 솔형 / 틈새 / 연장툴 / 거치대 / [부가] 먼지통용량: 0.5L / 알레르기인증(BAF) / 미세먼지인증(SLG) / 색상: 티탄+바이올렛 / 무게: 2.64kg / 크기(가로x세로x깊이): 250x1123x215mm / [VCA-SAE90A] 청정스테이션 / 색상: 블랙 / 크기(가로x세로x깊이): 185x600x180mm,924560
클래파 BVC-H10,핸디/스틱청소기 / 핸디+스틱형 / 무선형 / 흡입전용 / [성능] 싸이클론 / DC모터 / 흡입력: 6000Pa / 소비전력: 45W / [배터리] 리튬이온 / 용량: 4000mAh / 충전시간: 4시간 / 사용시간: 20분 / [필터] 헤파필터 / 3단계여과 / [구성품] 바닥 / 솔형 / 틈새 / 연장툴 / [부가] 먼지통용량: 0.9L / 색상: 화이트 / 무게: 0.9kg / 크기(가로x세로x깊이): 130x1130x70mm,42800
삼성전자 제트 VS15R8544S4CWB,핸디/스틱청소기 / 핸디+스틱형 / 무선형 / 흡입+걸레겸용 / [성능] 싸이클론 / 인버터모터 / 흡입력: 150W / 소비전력: 410W / [배터리] 분리형 / 리튬이온 (2개) / 충전시간: 3시간30분 / 사용시간: 40분 / [필터] 헤파필터 / 5단계여과 / [기능] 디스플레이표시창 / 프리볼트 / [구성품] 바닥 / 침구 / 솔형 / 틈새 / 연장툴 / 거치대 / [부가] 먼지통용량: 0.5L / 색상: 틸바이올렛 / 무게: 2.57kg / 크기(가로x세로x깊이): 250x1123x215mm / [VCA-SAE90B] 청정스테이션 / 색상: 화이트 / 크기(가로x세로x깊이): 185x600x180mm,1020000
일럭스고 EX-1,"핸디/스틱청소기 / 핸디+스틱형 / 무선형 / [성능] 싸이클론 / 흡입력: 8000Pa / 소비전력: 160W / [배터리] 충전시간: 3시간 / 사용시간: 20분 / [기능] 프리볼트 / [구성품] 바닥 / 솔형 / 틈새 / 패브릭 / 연장툴 / 거치대 / [부가] 색상: 블랙, 화이트 / 무게: 1.8kg",108390
모리츠 MO-BCL700,"욕실청소기 / 핸디+스틱형 / 무선형 / 소비전력: 10W / [배터리] 리튬이온 / 용량: 2600mAh / 충전시간: 3시간 / 사용시간: 30분 / [기능] 프리볼트 / [구성품] 연장툴 / [부가] 색상: 옐로우 / 방수 / 브러쉬: 모서리, 일반, 평면, 스폰지, 극세사, 수세미 / 크기(가로x세로x깊이): 95x900x70mm",44070
스위스밀리터리 트윈에어 SMA-VC2200,핸디/스틱청소기 / 스틱형 / 무선형 / 흡입전용 / [성능] 싸이클론 / BLDC모터 / 흡입력: 17000Pa / [배터리] 리튬이온 / 용량: 2200mAh / 충전시간: 5시간 / 사용시간: 30분 / [기능] LED라이트 / 배터리잔량표시 / 프리볼트 / [구성품] 바닥 / 솔형 / 틈새 / 연장툴 / 거치대 / [부가] 먼지통용량: 0.4L / 색상: 레드 / 불어내기,566990
레이나 RC-2402,핸디/스틱청소기 / 핸디형 / 무선형 / 흡입전용 / [성능] 흡입력: 6000Pa / 소비전력: 70W / [배터리] 충전시간: 5시간 / 사용시간: 20분 / [필터] 헤파필터 / [기능] 프리볼트 / [구성품] 솔형 / 틈새 / 거치대 / [부가] 먼지통용량: 0.4L / 색상: 그레이 / 크기(가로x세로x깊이): 120x390x130mm,42490
애니스 JB2000,"물걸레청소기 / 스틱형 / 회전식 / 무선형 / 충전시간: 3시간 / 사용시간: 30분 / 배터리: 리튬이온 / 용량: 2050mAh / 각도조절 / 무게: 3.14kg / 소비전력: 70W / 색상: 블랙, 화이트 / 크기(가로x세로x깊이): 411x1105x192mm",126000
쿠쿠전자 인스퓨어 파워클론 CVC-A1420UG,핸디/스틱청소기 / 핸디+스틱형 / 무선형 / 흡입전용 / [성능] 싸이클론 / BLDC모터 / 흡입력: 140AW / 흡입력: 23000Pa / 소비전력: 420W / [배터리] 분리형 / 리튬이온 / 사용시간: 35분 / [필터] 헤파필터 / H13급 / 5단계여과 / [기능] 먼지감지센서 / 배터리잔량표시 / [구성품] 바닥 / 침구 / 틈새 / 거치대 / [부가] 색상: 어반그레이 / 무게: 1.82kg / 크기(가로x세로x깊이): 250x1200x230mm,311470
이나프 ILVH-7500,핸디/스틱청소기 / 핸디+스틱형 / 무선형 / [성능] 싸이클론 / 흡입력: 180W / 소비전력: 180W / [배터리] 리튬이온 / 충전시간: 6시간 / 사용시간: 40분 / [필터] 헤파필터 / H13급 / [기능] LED라이트 / [구성품] 바닥 / 틈새 / 거치대 / [부가] 먼지통용량: 0.5L / 색상: 블랙 / 무게: 2.12kg / 크기(가로x세로x깊이): 240x1065x260mm,148990
하우스웰 GTK-DC22W,핸디/스틱청소기 / 핸디+스틱형 / 무선형 / 흡입전용 / [성능] DC모터 / 흡입력: 11000Pa / 소비전력: 150W / [배터리] 리튬이온 / 용량: 2200mAh / 충전시간: 5시간 / 사용시간: 30분 / [필터] 헤파필터 / 3단계여과 / [기능] 프리볼트 / [구성품] 바닥 / 솔형 / 틈새 / 연장툴 / 거치대 / [부가] 먼지통용량: 1L / 색상: 화이트 / 무게: 3kg / 크기(가로x세로x깊이): 233x1172x193mm,174800
지웰 벤투스 아쿠아,"물걸레청소기 / 스틱형 / 물걸레+진공 / 회전식 / 무선형 / 충전시간: 4~5시간 / 사용시간: 30분 / 배터리: 리튬이온 / 용량: 2200mAh / 무게: 3kg / 색상: 화이트+블루, 네이비 / 브러쉬: 바닥, 물걸레",189050
무궁화전자 바로바로 MC-B601,핸디/스틱청소기 / 핸디형 / 무선형 / [성능] 흡입력: 15W / 소비전력: 48W / [배터리] 니켈수소 / 충전시간: 8시간 / 사용시간: 10분 / [구성품] 틈새 / [부가] 색상: 오렌지 / 무게: 0.75kg / 크기(가로x세로x깊이): 174x103x317mm,21810
티피오스 디제로 D2,핸디/스틱청소기 / 핸디형 / 무선형 / 흡입전용 / [성능] 흡입력: 5900Pa / [배터리] 리튬이온 / 용량: 2000mAh / 충전시간: 2시간30분 / 사용시간: 15분 / [구성품] 솔형 / 틈새 / [부가] 먼지통용량: 0.1L / 색상: 블랙 / 무게: 0.55kg / 에어컴프레셔,39800
삼성전자 VC-LSS95,핸디/스틱청소기 / 스틱형 / 무선형 / [배터리] 충전시간: 12시간 / 사용시간: 18분 / [부가] 색상: 에어본화이트 / 무게: 2.9kg / 크기(가로x세로x깊이): 261x1100x193mm,91670
신일전자 SVC-D500SR,진공청소기 / 무선형 / [성능] 싸이클론 / 헤파필터 / 먼지통 / 먼지통용량: 1.2L / [구성품] 브러쉬: 플로어 / 보조브러쉬: 틈새 / 충전시간: 3~5시간 / 사용시간: 50분 / 크기(가로x세로x깊이): 376x292x259mm,247440
OPOLAR 자동차 USB 무선 청소기 TAD05 (해외구매),"차량용청소기 / 무선 / 흡입력: 8,000Pa / 최대출력: 75W / 추가노즐: 솔브러쉬 / 사용시간: 30분 / 소음: 70dB / 크기: 65x84x223.5mm / 무게: 378g",91200
신일전자 SVC-8858PNX,핸디/스틱청소기 / 핸디+스틱형 / 무선형 / 흡입전용 / [성능] 싸이클론 / BLDC모터 / 흡입력: 17000Pa / [배터리] 분리형 / 리튬이온 / 용량: 2200mAh / 충전시간: 5시간 / 사용시간: 30분 / [필터] 헤파필터 / H13급 / 4단계여과 / [기능] LED라이트 / 배터리잔량표시 / 프리볼트 / [구성품] 바닥 / 펫 / 침구 / 솔형 / 틈새 / 거치대 / [부가] 먼지통용량: 0.5L / 색상: 화이트 / 무게: 2kg / 크기(가로x세로x깊이): 274x1150x250mm,158990
ABKO 오엘라 HV01,핸디/스틱청소기 / 핸디형 / 무선형 / 흡입전용 / [성능] 흡입력: 12000Pa / 소비전력: 90W / [배터리] 리튬이온 / 용량: 2500mAh / 사용시간: 35분 / [필터] 헤파필터 / [기능] 프리볼트 / [구성품] 솔형 / 틈새 / 거치대 / [부가] 색상: 네이비 / 무게: 0.8kg / 크기(가로x세로x깊이): 80x400x80mm,78160
캐치웰 CX11,핸디/스틱청소기 / 핸디+스틱형 / 무선형 / 흡입전용 / [성능] 싸이클론 / BLDC모터 / 흡입력: 20000Pa / 소비전력: 230W / [배터리] 분리형 / 리튬이온 / 용량: 2500mAh / 충전시간: 4~6시간 / 사용시간: 60분 / [필터] 헤파필터 / H13급 / 5단계여과 / [기능] LED라이트 / [구성품] 바닥 / 침구 / 솔형 / 틈새 / 연장툴 / 거치대 / [부가] 색상: 화이트 / 무게: 2.32kg,139000
pl8CnyAbAr,pl8CnyAbAr800429,800429
아이룸 i10,"핸디/스틱청소기 / 핸디+스틱형 / 무선형 / 흡입전용 / [성능] BLDC모터 / 흡입력: 25000Pa / [배터리] 분리형 / 리튬이온 / 용량: 2200mAh / 충전시간: 4시간 / 사용시간: 30분 / [필터] 헤파필터 / H13급 / 5단계여과 / [기능] LED라이트 / 배터리잔량표시 / [구성품] 바닥 / 침구 / 솔형 / 틈새 / 연장툴 / 거치대 / [부가] 먼지통용량: 0.5L / 색상: 화이트, 블루 / 무게: 2.5kg / 크기(가로x세로x깊이): 240x1140x210mm",197850
삼성전자 VC-PS85,핸디/스틱청소기 / 핸디+스틱형 / 무선형 / [배터리] 니켈수소 / 충전시간: 5시간 / 사용시간: 15분 / [필터] 헤파필터 / [기능] 배터리잔량표시 / [구성품] 바닥 / 틈새 / [부가] 색상: 화이트 / 무게: 1.28kg,89890
일렉트로룩스 에르고라피도 ZB3511DB,핸디/스틱청소기 / 핸디+스틱형 / 무선형 / 흡입전용 / [배터리] 리튬이온 / 충전시간: 4시간 / 사용시간: 35분 / [필터] 4단계여과 / [기능] 브러쉬자동청소 / 셀프스탠딩 / LED라이트 / 배터리잔량표시 / [구성품] 바닥 / 틈새 / 거치대 / [부가] 먼지통용량: 0.42L / 알레르기인증(BAF) / 색상: 데님블루 / 무게: 2.5kg / 크기(가로x세로x깊이): 299x689x165mm,171350
블랙앤데커 NSVA315J,"핸디/스틱청소기 / 핸디+스틱형 / 무선형 / [배터리] 리튬이온 / 충전시간: 10시간 / [필터] 헤파필터 / [기능] 셀프스탠딩 / [구성품] 바닥 / 연장툴 / [부가] 색상: 블랙, 레드",47720
이스타 EST-VX100,핸디/스틱청소기 / 핸디형 / 무선형 / 흡입전용 / [성능] 싸이클론 / BLDC모터 / 흡입력: 13000Pa / 소비전력: 120W / [배터리] 리튬이온 / 용량: 2500mAh / 충전시간: 5시간 / 사용시간: 22분 / [필터] 헤파필터 / H13급 / 4단계여과 / [기능] 프리볼트 / [구성품] 침구 / 솔형 / 틈새 / 거치대 / [부가] 색상: 메탈그레이 / 무게: 0.5kg / 크기(가로x세로x깊이): 74x418x74xmm,87980
딥센 무선청소기,핸디/스틱청소기 / 스틱형 / 무선형 / 흡입+걸레겸용 / [성능] BLDC모터 / [배터리] 리튬이온 / 용량: 2200mAh / 충전시간: 4시간 / 사용시간: 20분 / [필터] 헤파필터 / 5단계여과 / [기능] LED라이트 / 배터리잔량표시 / [구성품] 물걸레 / 침구 / 더스팅 / 틈새 / [부가] 무게: 1.9kg,199000
마끼다 DCL181,핸디/스틱청소기 / 핸디+스틱형 / 무선형 / [성능] 흡입력: 5300Pa / 사용시간: 40분 / [구성품] 바닥 / 틈새 / 연장툴 / [부가] 먼지통용량: 0.65L / 무게: 1.2kg,63300
무궁화전자 바로바로 MC-B100,핸디/스틱청소기 / 핸디형 / 무선형 / [성능] 흡입력: 15W / [배터리] 니켈카드뮴 / [구성품] 틈새 / 거치대 / [부가] 색상: 레드 / 무게: 1kg / 크기(가로x세로x깊이): 400x115x110mm,23780
이노뷰 플릭 에어샷 PIK-DC75,핸디/스틱청소기 / 핸디+스틱형 / 무선형 / 흡입전용 / [성능] 싸이클론 / DC모터 / [배터리] 리튬이온 / 용량: 2200mAh / 충전시간: 5시간 / 사용시간: 40분 / [필터] 3단계여과 / [기능] LED라이트 / [구성품] 바닥 / 솔형 / 틈새 / 연장툴 / 거치대 / [부가] 먼지통용량: 0.5L / 색상: 블랙+화이트 / 무게: 1.9kg / 크기(가로x세로x깊이): 240x1060x220mm,103500
SK매직 VCL-W10B,물걸레청소기 / 스틱형 / 회전식 / 무선형 / 충전시간: 3시간 / 사용시간: 30분 / 배터리: 리튬이온 / 용량: 2150mAh / LED라이트 / 셀프스탠딩 / 배터리잔량표시 / 무게: 3kg / 소비전력: 80W / 색상: 블랙 / 모터과열방지 / 패드: 극세사(벨크로형) / 크기 410x1230x215mm,119840
하우스웰 GTK-BLDC2V,핸디/스틱청소기 / 핸디+스틱형 / 무선형 / 흡입전용 / [성능] BLDC모터 / 흡입력: 18000Pa / 소비전력: 200W / [배터리] 리튬이온 / 용량: 2200mAh / 충전시간: 5시간 / 사용시간: 30분 / [필터] 헤파필터 / 3단계여과 / [기능] 프리볼트 / [구성품] 바닥 / 솔형 / 틈새 / 연장툴 / 거치대 / [부가] 먼지통용량: 1L / 색상: 화이트 / 무게: 3kg / 크기(가로x세로x깊이): 232x1172x193mm,233600
일렉트로룩스 에르고라피도 파워프로 ZB3414AK,핸디/스틱청소기 / 핸디+스틱형 / 무선형 / 흡입전용 / [배터리] 리튬이온 / 충전시간: 4시간 / 사용시간: 48분 / [필터] 4단계여과 / [기능] 셀프스탠딩 / [구성품] 바닥 / 침구 / 틈새 / 긴틈새 / 패브릭 / 연장툴 / 거치대 / [부가] 먼지통용량: 0.42L / 알레르기인증(BAF) / 색상: 소프트핑크 / 무게: 3.3kg,208100
듀플렉스 DP-480VC,핸디/스틱청소기 / 핸디형 / 무선형 / [구성품] 솔형 / 틈새 / 거치대 / [부가] 색상: 화이트+그린 / 무게: 1.5kg / 건 습식 / 크기(가로x세로x깊이): 120x390x120mm,24800
SINOLINK PCH2-C,"욕실청소기 / 핸디형 / 무선형 / 소비전력: 9W / [배터리] 용량: 2000mAh / 충전시간: 2시간30분 / 사용시간: 2시간 / [부가] 색상: 화이트 / 무게: 0.6kg / 방수 / 브러쉬: 극세사걸레, 수세미, 청소솔, 스펀지",64240
샤오미 디어마 VC20S,핸디/스틱청소기 / 핸디+스틱형 / 무선형 / [성능] 흡입력: 5500Pa / 소비전력: 100W / [배터리] 리튬이온 / 용량: 2200mAh / 충전시간: 4시간 / 사용시간: 30분 / [필터] 헤파필터 / [기능] 셀프스탠딩 / [구성품] 바닥 / 솔형 / 틈새 / 연장툴 / [부가] 먼지통용량: 0.6L / 색상: 화이트 / 크기(가로x세로x깊이): 235x1150x175mm,55730
라헨느 V10 플러스,핸디/스틱청소기 / 핸디+스틱형 / 무선형 / [성능] 싸이클론 / 흡입력: 8500Pa / 소비전력: 150W / [배터리] 리튬이온 / 충전시간: 4시간 / 사용시간: 60분 / [필터] 헤파필터 / H13급 / [구성품] 바닥 / 솔형 / 틈새 / 연장툴 / 거치대 / [부가] 색상: 바이올렛 / 무게: 2.3kg / 크기(가로x세로x깊이): 240x1065x260mm,99000
삼성전자 제트 VS20T9278S7CS,핸디/스틱청소기 / 핸디+스틱형 / 무선형 / 흡입+걸레겸용 / [성능] 싸이클론 / 인버터모터 / 흡입력: 200W / 소비전력: 550W / [배터리] 분리형 / 리튬이온 (2개) / 충전시간: 3시간30분 / 사용시간: 2시간 / [필터] 헤파필터 / 5단계여과 / [기능] 디스플레이표시창 / 프리볼트 / [구성품] 바닥 / 물걸레 / 침구 / 솔형 / 틈새 / 연장툴 / 거치대 / [부가] 먼지통용량: 0.5L / 미세먼지인증(SLG) / 색상: 티탄골드 / 크기(가로x세로x깊이): 250x1136x215mm / [VCA-SAE90A] 청정스테이션 / 색상: 블랙 / 크기(가로x세로x깊이): 185x600x180mm,970060
미라스 FX-248BC,"침구청소기 / 핸디형 / 무선형 / 흡입력: 6000Pa / 사용시간: 25분 / 용량: 2200mAh / 청소모드: UV살균, 진동, 흡입 / 진동수: 4500회(분당) / 헤파필터 / H13급 / 바닥롤러 / 무게: 1.08kg / 색상: 화이트 / 크기(가로x세로x깊이): 225x230x170mm",59800
일렉파워전자 아토케어 EP-70,"침구청소기 / 핸디형 / 무선형 / 싸이클론 / 3단계여과 / BLDC모터 / 충전시간: 4시간 / 사용시간: 1시간 / 용량: 2500mAh / 청소모드: UV살균, 진동, 쓸기, 흡입 / 헤파필터 / 리튬이온 / 속도조절 / 원터치먼지통분리 / 무게: 1.2kg / 소비전력: 350W / 알레르기인증(BAF) / 프리볼트 / 배터리잔량표시 / 크기(가로x세로x깊이): 127x228x319mm",176418
한경희생활과학 아쿠아젯 RC-3500,물걸레청소기 / 스틱형 / 회전식 / 무선형 / 충전시간: 3시간 / 사용시간: 30분 / 배터리: 리튬이온 / 물분사 / LED라이트 / 각도조절 / 배터리잔량표시 / 무게: 4kg / 색상: 블랙 / 패드: 극세사(벨크로형) / 크기(가로x세로x깊이): 430x1110x240mm,295150
DIBEA D18 플러스,핸디/스틱청소기 / 핸디+스틱형 / 무선형 / [성능] 싸이클론 / 흡입력: 9000Pa / 소비전력: 120W / [배터리] 리튬이온 / 용량: 2200mAh / 충전시간: 4~5시간 / 사용시간: 45분 / [필터] 헤파필터 / H13급 / 3단계여과 / [기능] LED라이트 / 배터리잔량표시 / [구성품] 바닥 / 솔형 / 틈새 / 연장툴 / [부가] 먼지통용량: 0.55L / 무게: 2.2kg / 크기(가로x세로x깊이): 240x1040x211mm,88870
GGS 보아스 VC-502WL,"침구청소기 / 핸디형 / 무선형 / 트윈싸이클론 / 먼지통용량: 0.7L / 청소모드: UV살균, 진동, 흡입 / 헤파필터 / 리튬이온 / 바닥롤러 / 무게: 2.7kg / 소비전력: 100W / 크기(가로x세로): 78x191mm",763800
블랙앤데커 PV1820CEXT,핸디/스틱청소기 / 핸디형 / 무선형 / [성능] 싸이클론 / 흡입력: 35AW / [배터리] 리튬이온 / 충전시간: 4시간 / 사용시간: 12분 / [필터] 3단계여과 / [기능] 배터리잔량표시 / 프리볼트 / [구성품] 바닥 / 연장툴 / 거치대 / [부가] 색상: 크롬 / 무게: 1.38kg / 피벗노즐 / 크기(가로x세로x깊이): 270x170x140mm,94830
퍼피유 A10 DUKE,핸디/스틱청소기 / 핸디+스틱형 / 무선형 / 흡입전용 / [성능] BLDC모터 / 흡입력: 13000Pa / 소비전력: 120W / [배터리] 용량: 2000mAh / 충전시간: 5시간 / 사용시간: 20분 / [필터] 4단계여과 / [기능] 프리볼트 / [구성품] 바닥 / 솔형 / 틈새 / 연장툴 / 거치대 / [부가] 먼지통용량: 0.16L / 색상: 블랙 / 무게: 0.52kg / 크기(가로x세로x깊이): 75x415x70mm,71800
툴앤툴 네오스틱 T1,핸디/스틱청소기 / 핸디+스틱형 / 무선형 / [성능] 싸이클론 / 소비전력: 140W / [배터리] 분리형 / 리튬이온 / 충전시간: 4시간 / 사용시간: 30분 / [필터] 헤파필터 / H13급 / [기능] LED라이트 / 프리볼트 / [구성품] 바닥 / 솔형 / 거치대 / [부가] 무게: 2.35kg / 크기(가로x세로x깊이): 250x1210x220mm,119000
벤그룹 맥스큠 차량용 무선청소기 VVC-100,"차량용청소기 / 무선 / 흡입력: 5,300Pa / 헤파필터 / 추가노즐: 틈새, 솔브러쉬 / 사용시간: 17분 / 배터리용량: 2,000mAH / 충전방식: USB C타입 / 충전시간: 2시간30분 / 소음: 80dB / 크기: 290x73x73mm / 무게: 482g",39980
삼성전자 VC-LSH64,핸디/스틱청소기 / 핸디형 / 무선형 / 소비전력: 7W / [부가] 색상: Apple metal 그린 / 무게: 1.4kg / 소음: 78dB,77000
테팔 엑스퍼트 3.60 TY6921,핸디/스틱청소기 / 핸디+스틱형 / 무선형 / 흡입전용 / [성능] 싸이클론 / DC모터 / [배터리] 분리형 / 리튬이온 / 충전시간: 5시간 / 사용시간: 45분 / [기능] LED라이트 / 배터리잔량표시 / 프리볼트 / [구성품] 바닥 / 거치대 / [부가] 먼지통용량: 0.5L / 색상: 블랙+블루 / 무게: 2.2kg,159000
휴스톰 HS-9600,물걸레청소기 / 스틱형 / 회전식 / 무선형 / 충전시간: 4시간 / 사용시간: 30분 / 배터리: 리튬이온 / LED라이트 / 가구손상방지 / 각도조절 / 색상: 화이트 / 모터과열방지 / 과충전방지 / 오토스토핑 / 패드: 극세사(벨크로형),152880
샤오미 디어마 CM1900,핸디/스틱청소기 / 핸디형 / 무선형 / [성능] 흡입력: 6000Pa / 소비전력: 120W / [배터리] 충전시간: 5시간 / 사용시간: 30분 / [필터] 헤파필터 / [구성품] 바닥 / 침구 / 틈새 / 거치대 / [부가] 먼지통용량: 0.4L / 색상: 화이트 / 무게: 1kg / 크기(가로x세로x깊이): 225x335x170mm,79110
대웅모닝컴 DWM-HV74N,핸디/스틱청소기 / 핸디형 / 무선형 / [배터리] 리튬이온 / 충전시간: 6시간 / 사용시간: 15분 / [구성품] 바닥 / 솔형 / 틈새 / 거치대 / [부가] 무게: 0.75kg / 5단계각도조절 / 크기(가로x세로x깊이): 440x100x100mm,35000
아이룸 A20,핸디/스틱청소기 / 핸디+스틱형 / 무선형 / 흡입전용 / [성능] 싸이클론 / DC모터 / 흡입력: 8000Pa / 소비전력: 100W / [배터리] 리튬이온 / 용량: 2600mAh / 충전시간: 5시간 / 사용시간: 35분 / [필터] 헤파필터 / 3단계여과 / [구성품] 바닥 / 솔형 / 틈새 / 연장툴 / 거치대 / [부가] 색상: 화이트 / 무게: 1.05kg / 크기(가로x세로x깊이): 220x1120x80mm,63240
휴스톰 HS-10000W,물걸레청소기 / 스틱형 / 회전식 / 무선형 / 충전시간: 2시간30분 / 사용시간: 30분 / 배터리: 리튬이온 / 용량: 2750mAh / LED라이트 / 가구손상방지 / 각도조절 / 셀프스탠딩 / 배터리잔량표시 / 프리볼트 / 무게: 3.7kg / 색상: 화이트 / 모터과열방지 / 과충전방지 / 오토스토핑 / 패드: 극세사(벨크로형) / 크기(가로x세로x깊이): 410x1020x205mm,178990
대우어플라이언스 아쿠아젯 DEX-WC130,물걸레청소기 / 스틱형 / 회전식 / 무선형 / 충전시간: 5시간 / 사용시간: 1시간 / 용량: 2200mAh / 물분사 / 각도조절 / 셀프스탠딩 / 무게: 1.7kg / 소비전력: 44W / 색상: 화이트 / 크기(가로x세로): 160x1140mm,64740
리빙앤 LNMC-100,"욕실청소기 / 핸디+스틱형 / 무선형 / 소비전력: 84W / [배터리] 충전시간: 2시간30분~3시간 / 사용시간: 1시간30분~2시간 / [구성품] 거치대 / [부가] 무게: 0.76kg / 생활방수 / 브러쉬: 원형솔, 평면솔, 스펀지, 물걸레, 광택, 연장관",98990
