상품명,가격
Isntree Hyaluronic Acid Toner 200ml (Renewal),USD 19.00
ETUDE HOUSE Soon Jung pH 5.5 Relief Toner 180ml,USD 20.26
SON&PARK BEAUTY WATER 340ml,USD 29.40
SOME BY MI AHA BHA PHA 30 Days Miracle Toner 150ml,USD 24.00
SOME BY MI Galactomyces Pure Vitamin C Glow Toner 200ml,USD 34.00
PURITO Centella Green Level Calming Toner 200ml,USD 25.20
SON&PARK Beauty Water 60ml,USD 10.50
Pyunkang Yul Essence Toner 100ml,USD 14.50
secretKey Hyaluron Aqua Soft Toner 500ml,USD 22.00
ROUND LAB 1025 Dokdo Toner 200ml,USD 17.00
SOME BY MI Snail Truecica Miracle Repair Toner 135ml,USD 24.00
Dr.MYSKIN Vita Galacto Bifida 90 Toner 110ml,USD 15.70
COSRX AHA 7 WHITEHEAD POWER LIQUID 100ml,USD 17.81
secretKey Fresh Toner 248ml,USD 12.00
BLITHE Vital Treatment 8 Nourishing Beans 150ml,USD 42.90
COSRX Two In One Poreless Power Liquid 100ml,USD 22.00
Pyunkang Yul Essence Toner 200ml,USD 21.90
Isntree Clear Skin BHA Toner 200ml,USD 21.96
COSRX One Step Moisture Up Pad 70ea,USD 19.50
Elizavecca Hell-Pore Clean up AHA Fruit Toner 200ml,USD 14.00
BENTON Aloe BHA Skin Toner 200ml,USD 19.00
COSRX One Step Original Clear Pad 70ea,USD 19.63
NATURE REPUBLIC Soothing & Moisture Aloe Vera 92% Soothing Gel Mist 150ml,USD 12.16
COSRX BHA BLACKHEAD POWER LIQUID 100 ML,USD 20.81
KEEP COOL Soothe Bamboo Toner 160ml,USD 17.00
SKIN&LAB Medicica Balancing Toner 180ml,USD 21.63
MAY ISLAND 7 Days Secret Centella Cica Toner 155ml,USD 16.50
TIAM Vita B5 Toner 180ml,USD 18.60
BADSKIN Hyaluronic Spa Toner 500ml,USD 26.00
TIAM AC Fighting AHA BHA PHA Toner 180ml,USD 18.70
innisfree Green Tea Balancing Skin EX 200ml,USD 22.58
Real Barrier Aqua Soothing Toner 200ml,USD 26.40
Real Barrier Extreme Essence Toner 190ml,USD 30.00
innisfree Jeju Orchid Skin 200ml,USD 27.92
ROUND LAB Mugwort Calming Toner 300ml,USD 25.00
innisfree Jeju Cherry Blossom Skin 200ml,USD 20.22
LANEIGE Cream Skin Refiner Mist 120ml,USD 24.16
iUNIK Vitamin Hyaluronic Acid Vitalizing Toner 200ml,USD 21.99
G9SKIN White In Milk Toner 300ml,USD 18.00
COSRX AC Collection Calming Liquid Mild 125ml,USD 26.00
NACIFIC Real Calendula Floral Toner 180ml,USD 26.00
CARYOPHY Portulaca Toner 300ml,USD 24.00
KEEP COOL Soothe Fixence Mist 60ml,USD 10.00
NEOGEN DERMALOGY Real Cica Pad 90ea,USD 17.90
MAMONDE Rose Water Toner 250ml,USD 18.48
heimish Bulgarian Rose Mist Serum 55ml,USD 24.00
BLITHE Vital Treatment 5 Energy Roots 150ml,USD 37.60
Elizavecca Hell-Pore Perfect Wine Sparkling Peeling Pad 30ea,USD 20.00
MAY COOP Raw Morning Dew 80ml,USD 22.00
the SAEM Urban Eco Waratah Toner 180ml (Renewal),USD 26.16
SKIN1004 Madagascar Centella Toning Toner 400ml,USD 33.00
COSRX Balancium Comfort Ceramide Cream Mist 120ml,USD 29.00
WellDerma CHADEW TEATREE SOOTHING BUBBLE TONER 150ml + 100ml,USD 39.00
WellDerma SAPPHIRE COLLAGEN IMPACT HYDRO TONER 100ml,USD 45.00
WellDerma SAPPHIRE COLLAGEN IMPACT HYDRO MIST 150ml,USD 36.00
COMMONLABS Triple Vita Balancing Toner 210ml,USD 22.00
"Logically, Skin Aquatide Multi-Purpose Toner Mist 200ml",USD 42.00
THE FACE SHOP Rice & Ceramide Moisturizing Toner 150ml,USD 14.57
BLANCHET Glam Pearl Radiance Essential Mist 55ml,USD 35.00
Sooryehan Chunsam Radiant Set,USD 100.00
Sooryehan Bon Deep Hydration Set,USD 63.00
MIZON Vita Lemon Sparkling Toner 150ml,USD 21.27
MIZON Barrier Oil Toner 150ml,USD 20.40
BEYOND Miracle For Rest Essential Toner 150ml,USD 40.60
Sooryehan HyoBidam Moisture Skin 160ml,USD 28.00
Sooryehan Bon Extra Moisture Toner 160ml,USD 30.40
SOME BY MI Super Matcha Pore Tightening Toner 150ml,USD 29.00
SOME BY MI Red Teatree Cicassoside Derma Solution Toner 150ml,USD 29.00
THE FACE SHOP Aloe fresh Soothing Mist 130ml,USD 17.07
THE FACE SHOP Mango Seed Ceramide Moisturizing Toner 160ml,USD 25.57
Dr.Belmeur Clarifying Soothing Mist 100ml,USD 19.07
THE FACE SHOP Arsainte Eco Therapy Tonic with Essential 215ml,USD 24.57
Wellderma Calendula Calming Soon Toner 150ml,USD 23.00
Beauty of Joseon Ginseng Essence Water 150ml,USD 24.55
COSRX Promotion Set Toner Collection,USD 28.00
COSRX Cica Toner Double Edition Kit,USD 39.00
COSRX Find Your Go to Toner RX Hydrating Kit,USD 30.00
COSRX Find Your Go to Toner RX Brightening Kit,USD 30.00
COSRX 2020 Holiday Toner Collection,USD 25.00
Nature Republic Vitapair C Toner 300ml,USD 29.35
TIAM Vita Refre-C Toner 100ml,USD 20.00
innisfree Jeju Cherry Blossom Mist 120ml,USD 19.16
PURITO Centella Unscented Toner 200ml,USD 25.20
MISSHA Chogongjin Youngan Toner 150ml,USD 43.90
ETUDE HOUSE Wonder Pore Freshner 250ml,USD 15.19
ETUDE HOUSE Wonder Pore Freshner 500ml,USD 24.88
NACIFIC Pink AHA BHA Toner 150ml,USD 26.00
the SAEM Urban Eco Harakeke Toner 150ml,USD 20.66
goodal Green Tangerine Vita C Toner Pad 70ea,USD 29.80
COSRX Full Fit Propolis Synergy Toner 50ml,USD 9.00
COSRX Refresh AHA/BHA Vitamin C Daily Toner 50ml,USD 9.00
COSRX Hydrium Watery Toner 50ml,USD 9.00
COSRX Hydrium Watery Toner 150ml,USD 28.00
COSRX Full Fit Propolis Synergy Toner 150ml,USD 28.00
COSRX Refresh AHA/BHA Vitamin C Daily Toner 150ml,USD 28.00
d'Alba At Home Spa Treatment Set,USD 95.00
ROUND LAB 1025 Dokdo Toner 500ml,USD 34.00
COSRX Pure Fit Cica Toner 150ml,USD 22.00
I'm Sorry For My Skin Relaxing Toner Calming 200ml,USD 25.00
innisfree Truecare PHA Toner Pad 70ea,USD 23.32
innisfree Truecare Panthenol 10 Moisture Skin 250ml,USD 22.56
VELY VELY Pink Peeling Pad 60ea,USD 27.06
VELY VELY Madecassoside Repair Toner 150ml,USD 34.12
VELY VELY Yuja C-Tamin Toner 150ml,USD 31.76
VELY VELY Artemisia Balance Spot Pad 60ea,USD 27.06
REBEAUTE Oxygenant Serum Mist 80ml,USD 21.00
isoi Pure Moisture Trial Kit,USD 20.00
isoi Acni Dr. Trial Kit,USD 20.00
Real Barrier Cicarelief Toner 190ml,USD 31.20
Real Barrier Control-T Toner 190ml,USD 28.80
SCINIC The Simple Calming Toner 145ml,USD 18.00
SCINIC Snail Matrix Skin 150ml,USD 20.00
SCINIC Cicanoid Toner 150ml,USD 20.00
SCINIC First Treatment Mist 120ml,USD 17.00
SCINIC Red Ginseng Snail Skin 150ml,USD 32.00
SCINIC Hyaluronic Acid First Skin Essence 500ml,USD 32.00
SCINIC Hyaluronic Acid Ampoule Skin 150ml,USD 18.00
SCINIC Super Moist Essence Water 200ml,USD 20.00
SKIN1004 Madagascar Centella Toning Toner 210ml,USD 20.00
CAREZONE A-Cure Skin Surface Toner Pad Peach Set,USD 27.13
VONIN The Character Skin & Emulsion Set,USD 35.70
VONIN Majesta Recovery Fluid 150ml,USD 57.13
VONIN Pure Skintoner & Emulsion Set,USD 37.13
VONIN Pure Fresh Skintoner 150ml,USD 21.41
VONIN The Style Standard Toner & Emulsion Set,USD 42.84
VONIN The Style Standard Toner 135ml,USD 22.13
Derma Lift Milderm Hyaluronic Toner Special Set,USD 35.75
Derma Lift Intensiderm Rich Toner Special Set,USD 41.47
SOME BY MI Yuja Niacin 30 Days Brightening Starter Kit,USD 28.00
SOME BY MI Yuja Niacin Brightening Toner 150ml,USD 24.00
CAREZONE Derma Milk-Hyaluronic Cream Skin Set,USD 27.13
CAREZONE Nordenau Water Toner 170ml,USD 22.84
CAREZONE A-Cure Clarifying Toner EX 170ml,USD 22.84
ISA KNOX Crystal Aging Comforting Toner 150ml,USD 36.65
ISA KNOX Age Focus Phyto Pro-Retinol Toner 160ml,USD 41.65
ISA KNOX Age Focus Prime Double Effect Ampoule Skin 160ml,USD 39.98
WELLAGE Real Hyaluronic Capsule Serum Special Set,USD 42.00
MISSHA Su:nhada Calendula pH 5.5 Soothing Mist 100ml,USD 14.16
MISSHA Su:nhada Calendula pH 5.5 Soothing Toner 175ml,USD 15.66
MISSHA Time Revolution Regenerating Royal Softener 150ml,USD 26.16
MISSHA Vita C Plus Ascorbic Acid Brightning Toner 200ml,USD 19.66
goodal Apple Aha Clearing Toner 300ml,USD 25.00
goodal Apple Aha Clearing Pad 70ea,USD 25.00
innisfree Brightening Pore Skin 150ml,USD 25.43
Holika Holika Prime Youth 24K Gold Repair Toner 120ml,USD 60.16
Dr.Belmeur Cleanface Mild Toner 145ml,USD 17.66
d'Alba Peptide No Sebum Balancing Toner 145ml,USD 35.00
the SAEM Natural Daily Skin Clearing Toner 500ml,USD 23.16
ETUDE HOUSE Real Propolis Water Treatment 170ml,USD 33.29
ROUND LAB 1025 Dokdo Pad 70ea,USD 24.00
NACIFIC Fresh Herb Origin Kit,USD 42.00
NACIFIC Phyto Niacin Whitening Kit,USD 42.00
Sooryehan Hyobidam Fermented Skin Toner 150ml,USD 34.30
MISSHA Bee Pollen Renew Ampoule Skin 150ml,USD 22.16
VILLAGE 11 FACTORY Blue Chamomile Toner 400ml,USD 20.00
VILLAGE 11 FACTORY Moisture Toner 120ml,USD 14.28
SAM'U PH Sensitive Toner 130ml,USD 25.00
BEYOND Acnature Healing Toner 150ml,USD 33.40
BEYOND Lotus Aqua Bloom Toner 190ml,USD 22.60
BEYOND Phyto Aqua Toner 150ml,USD 39.40
MEALADE Fermented Rice Brightening Essence 150ml,USD 20.00
BEYOND Angel Aqua Daily Big Toner 500ml,USD 27.00
NEOGEN H2 Dermadeca Serum Spray 120ml,USD 19.00
celimax The Real Sedum Aqua Shield Mist 50ml,USD 18.00
celimax The Real Noni Energy Ampoule Mist 50ml,USD 18.00
celimax The Real Noni Moisture Balancing Toner 150ml,USD 25.00
FROM NATURE Aloevera 98% Soothing Gel Mist 120ml,USD 10.00
A'PIEU Lactobacillus Moisturizing Toner 210ml,USD 26.98
FROM NATURE Aloevera 98% Moisture Soothing Skin 150ml,USD 17.00
BE PLAIN Chamomile pH-Balanced Toner 190ml,USD 24.00
RiRe Hydro Cream Mist 80ml,USD 17.00
RiRe Pore Tightening Fresh Toner 300ml,USD 18.00
RiRe All Kill Toner Pad 70ea,USD 15.50
Isntree Spot Saver Mugwort Toner Pads 60pcs,USD 29.86
Gilla8 Tea Tree Cica Extra Calming Facial Toner 300ml,USD 32.00
Gilla8 Damask Rose Extra Radiance Facial Toner 300ml,USD 32.00
It's skin Tiger Cica Calming Water 200ml,USD 24.40
Dr.Jart+ Ctrl-A Teatreement Toner 120ml,USD 22.00
It's skin Cream In Skin 150ml,USD 26.00
It's skin Power 10 Formula Mist 80ml,USD 15.30
ROVECTIN Cica Care Purifying Toner 260ml,USD 24.00
ROVECTIN Skin Essentials Activating Treatment Lotion 100ml,USD 19.00
ROVECTIN Skin Essentials Activating Treatment Lotion 180ml,USD 29.00
Skin Watchers Green Snail Intensive Toner 150ml,USD 28.00
Benton PHA Peeling Toner 150ml,USD 26.00
Benton Cacao Moist and Mild Toner 150ml,USD 20.00
2NDESIGN First Toner Essence 200ml,USD 15.00
2NDESIGN First Toner Clear 200ml,USD 14.00
SOME BY MI Snail Truecica Miracle Repair Starter Kit Edition,USD 28.00
Aromatica Vitalizing Rosemary Decoction Toner 300ml,USD 24.00
Aromatica Reviving Rose Infusion Treatment Toner 200ml,USD 42.00
HOLIKA HOLIKA TerraCotta Edition Hard Cover Fixing Mist 120ml,USD 21.16
BLITHE INBETWEEN Aurora Second Skin Primer & Setting Mist 82ml,USD 28.00
HOLIKA HOLIKA Black Caviar Anti-Wrinkle Skin 120ml,USD 19.16
HOLIKA HOLIKA Less On Skin Toner 180ml,USD 20.66
TONYMOLY Beauty Award Winner's Kit,USD 32.98
WellDerma G Plus Embellsih Essence Water 150ml,USD 22.00
HOLIKA HOLIKA Mechnikov's Probiotics Formula Hydrating Toner 133ml + 7g,USD 32.66
Neulii Derma Ectocica 11 Toner 125ml,USD 16.32
MIZON Snail Line Miniature Set,USD 29.53
MIZON Snail Repair Intensive Toner 100ml,USD 24.13
MIZON AHA&BHA Daily Clean Toner 150ml,USD 22.66
MIZON Acence Derma Clearing Toner 150ml,USD 24.82
MIZON Collagen Power Lifting Toner 120ml,USD 24.13
TONYMOLY From Haenam Black Barley Mist Toner Set 150ml + Refill 100ml,USD 23.98
BONAJOUR Bio Active Toner Mist 100ml,USD 17.65
BONAJOUR No Sebum Bbosong Mist 50ml,USD 18.82
BONAJOUR Green Tea Water Bomb Toner 205ml,USD 21.18
BONAJOUR Eggplant BHA Daily Toner 205ml,USD 23.53
BONAJOUR Elf Skin 150ml,USD 21.18
BONAJOUR Chamomile & Centella Repair Skin 150ml,USD 21.18
BONAJOUR Seaweed Skin 150ml,USD 21.18
the SAEM Derma Plan Cream Soothing Mist 120ml,USD 25.16
ONSAEMEEIN Hyaluronic Acid Two Face Toner 150ml,USD 22.00
A.D.G. Calming Balance Facial Toner 200ml,USD 18.00
Answer19+ Cica Panthenol Cream Mist 120ml,USD 20.00
Answer19+ Cica Panthenol Cream Skin Pad 60ea,USD 21.00
Answer19+ Cica Panthenol Toner 500ml,USD 32.00
MISSHA Glow Skin Balm To Go Mist 80ml,USD 21.48
DMCK Pink Rose Sparkling Mist 80ml,USD 18.00
DMCK Blue Ocean Sparkling Mist 80ml,USD 18.00
DMCK Snail Toner 500ml,USD 37.00
DMCK Clean Ac Mist 100ml,USD 33.00
DMCK Tea Tree Ac Toner 500ml,USD 37.00
DMCK Seaweed Hydra Toner 500ml,USD 37.00
DMCK Marine Essence Toner 200ml,USD 31.00
Grunersee Tea Tree Calming 5.5 Toner Pad 70ea,USD 25.00
Grunersee Tea Tree Calming 5.5 Toner 210g,USD 20.00
Grunersee Calendula Charging 5.5 Toner 210g,USD 20.00
Grunersee Jeju Lava Seawater Aqua Toner 130ml,USD 26.00
SHANGPREE Marine Hydrogel Mist 100ml,USD 28.00
Centellian24 Madeca Facial Toner 300ml,USD 36.32
AMPLE:N Ceramide Shot Ampoule Mist 80ml,USD 21.00
seaNtree Steam Moisture Toner 180ml,USD 23.00
AMPLE:N Hyaluron Shot Homme Set,USD 55.00
AMPLE:N Hyaluron Shot Set,USD 55.00
AMPLE:N Hyaluron Shot Toner 220ml,USD 30.00
berrisom Essential Boosting Toner 265ml,USD 17.00
berrisom Collagen Intensive Firming Gel Toner 130ml,USD 28.00
preange Skin Care Set,USD 43.00
